station_id,total_hours,high_pressure_hours,high_pressure_ratio
DAN_13401,5,0,0.0
DAN_13408,1,0,0.0
DAN_13409,4,2,0.5
DAN_13410,1,0,0.0
DAN_13414,1,0,0.0
DAN_13415,5,2,0.4
DAN_13417,5,0,0.0
DAN_13424,3,1,0.3333333333333333
DAN_13425,1,0,0.0
DAN_13426,3,1,0.3333333333333333
DAN_13440,2,1,0.5
DAN_13451,2,1,0.5
DAN_14062,3,1,0.3333333333333333
DAN_14189,2,1,0.5
DAN_14281,7,4,0.5714285714285714
DAN_14290,2,0,0.0
DAN_15076,2,1,0.5
DAN_15564,2,1,0.5
DAN_15569,2,0,0.0
DAN_15961,2,0,0.0
DAN_16169,1,0,0.0
DAN_16253,3,2,0.6666666666666666
DAN_17570,5,2,0.4
DAN_18355,8,3,0.375
DAN_18637,1,1,1.0
DAN_18839,1,0,0.0
DAN_18853,1,1,1.0
DAN_18857,4,2,0.5
DAN_18858,1,1,1.0
DAN_18859,2,1,0.5
DAN_18866,1,0,0.0
DAN_18871,1,0,0.0
DAN_18875,2,1,0.5
DAN_19027,1,0,0.0
DAN_19029,1,0,0.0
DAN_19032,1,1,1.0
DAN_19047,1,0,0.0
DAN_19052,1,0,0.0
DAN_19057,1,1,1.0
DAN_19058,2,1,0.5
DAN_19072,1,0,0.0
DAN_19077,1,1,1.0
DAN_19088,1,0,0.0
DAN_19093,2,2,1.0
DAN_19094,1,1,1.0
DAN_19096,1,1,1.0
DAN_19106,1,0,0.0
DAN_19109,2,1,0.5
DAN_19120,1,1,1.0
DAN_19158,2,1,0.5
DAN_19174,1,0,0.0
DAN_19187,1,1,1.0
DAN_19194,1,0,0.0
DAN_19212,1,0,0.0
DAN_19220,2,2,1.0
DAN_19223,1,0,0.0
DAN_19233,1,0,0.0
DAN_19237,2,1,0.5
DAN_19245,1,0,0.0
DAN_19280,1,1,1.0
DAN_19286,1,0,0.0
DAN_19293,1,1,1.0
DAN_19301,1,0,0.0
DAN_19305,1,1,1.0
DAN_19315,1,1,1.0
DAN_19325,2,1,0.5
DAN_19327,1,0,0.0
DAN_19346,2,1,0.5
DAN_19347,1,1,1.0
DAN_19357,1,0,0.0
DAN_19363,1,0,0.0
DAN_19372,1,0,0.0
DAN_19373,1,0,0.0
DAN_19374,2,1,0.5
DAN_19387,3,1,0.3333333333333333
DAN_19396,1,0,0.0
DAN_19406,1,1,1.0
DAN_19410,1,1,1.0
DAN_19414,1,1,1.0
DAN_19416,1,0,0.0
DAN_19444,1,1,1.0
DAN_19452,1,1,1.0
DAN_19457,2,1,0.5
DAN_19475,1,1,1.0
DAN_19480,1,1,1.0
DAN_19481,1,0,0.0
DAN_19490,1,0,0.0
DAN_19492,1,0,0.0
DAN_19497,1,0,0.0
DAN_19503,1,0,0.0
DAN_19504,1,1,1.0
DAN_19516,1,1,1.0
DAN_19520,1,0,0.0
DAN_19522,2,1,0.5
DAN_19533,1,1,1.0
DAN_19538,1,0,0.0
DAN_19545,1,0,0.0
DAN_19552,1,1,1.0
DAN_19567,1,1,1.0
DAN_19569,1,1,1.0
DAN_19584,1,0,0.0
DAN_19587,1,0,0.0
DAN_19589,1,1,1.0
DAN_19611,1,0,0.0
DAN_19612,1,1,1.0
DAN_19613,1,0,0.0
DAN_19616,1,1,1.0
DAN_19650,2,1,0.5
DAN_19657,1,1,1.0
DAN_19659,1,1,1.0
DAN_19666,2,1,0.5
DAN_19678,1,0,0.0
DAN_19680,1,0,0.0
DAN_19683,2,1,0.5
DAN_19687,1,1,1.0
DAN_19693,2,1,0.5
DAN_19712,1,0,0.0
DAN_19725,2,2,1.0
DAN_19726,1,1,1.0
DAN_19738,1,1,1.0
DAN_19739,1,0,0.0
DAN_19743,1,1,1.0
DAN_19755,2,1,0.5
DAN_19761,3,2,0.6666666666666666
DAN_19771,2,1,0.5
DAN_19775,2,0,0.0
DAN_19782,2,1,0.5
DAN_19786,1,1,1.0
DAN_19790,1,1,1.0
DAN_19813,1,0,0.0
DAN_19836,2,1,0.5
DAN_19844,2,1,0.5
DAN_19845,1,0,0.0
DAN_19861,1,0,0.0
DAN_19873,1,0,0.0
DAN_19879,1,0,0.0
DAN_19898,1,0,0.0
DAN_19906,1,0,0.0
DAN_19907,1,0,0.0
DAN_19910,1,1,1.0
DAN_19922,1,1,1.0
DAN_19923,2,1,0.5
DAN_19940,1,1,1.0
DAN_19942,1,0,0.0
DAN_19955,1,1,1.0
DAN_19957,1,0,0.0
DAN_19977,1,0,0.0
DAN_19980,1,1,1.0
DAN_20023,1,0,0.0
DAN_20052,1,1,1.0
DAN_20077,2,2,1.0
DAN_20078,1,1,1.0
DAN_20080,1,1,1.0
DAN_20167,2,0,0.0
DAN_20188,2,0,0.0
DAN_20220,1,0,0.0
DAN_20226,1,0,0.0
DAN_20232,1,0,0.0
DAN_20258,1,1,1.0
DAN_20297,3,1,0.3333333333333333
DAN_20315,1,1,1.0
DAN_20321,3,1,0.3333333333333333
DAN_20341,1,1,1.0
DAN_20348,5,1,0.2
DAN_20372,2,0,0.0
DAN_20395,2,1,0.5
DAN_20441,1,1,1.0
DAN_20466,2,1,0.5
DAN_20477,1,0,0.0
DAN_20486,1,1,1.0
DAN_20496,1,1,1.0
DAN_20497,1,1,1.0
DAN_20520,3,2,0.6666666666666666
DAN_20539,6,5,0.8333333333333334
DAN_20553,1,1,1.0
DAN_20557,1,1,1.0
DAN_20563,1,0,0.0
DAN_20564,2,0,0.0
DAN_20576,1,1,1.0
DAN_20588,2,1,0.5
DAN_20590,2,0,0.0
DAN_20591,4,1,0.25
DAN_20595,1,1,1.0
DAN_20599,1,1,1.0
DAN_20601,1,1,1.0
DAN_20614,2,1,0.5
DAN_20620,1,1,1.0
DAN_20621,1,0,0.0
DAN_20682,1,0,0.0
DAN_20693,2,1,0.5
DAN_20746,1,1,1.0
DAN_20750,1,0,0.0
DAN_20762,2,1,0.5
DAN_20764,1,1,1.0
DAN_20769,1,1,1.0
DAN_20772,1,0,0.0
DAN_20780,2,0,0.0
DAN_20784,4,3,0.75
DAN_20789,1,0,0.0
DAN_20792,2,1,0.5
DAN_20798,1,1,1.0
DAN_20810,1,0,0.0
DAN_20815,1,1,1.0
DAN_20821,2,1,0.5
DAN_20829,1,0,0.0
DAN_20832,2,1,0.5
DAN_20849,1,1,1.0
DAN_20853,1,0,0.0
DAN_20904,4,2,0.5
DAN_20912,1,1,1.0
DAN_20918,2,1,0.5
DAN_20919,2,1,0.5
DAN_20926,1,1,1.0
DAN_20927,2,1,0.5
DAN_20930,2,0,0.0
DAN_20932,3,1,0.3333333333333333
DAN_20934,1,1,1.0
DAN_20938,1,1,1.0
DAN_20945,4,2,0.5
DAN_20946,1,0,0.0
DAN_20953,1,1,1.0
DAN_20957,1,1,1.0
DAN_20961,4,2,0.5
DAN_20972,2,0,0.0
DAN_20991,1,0,0.0
DAN_20995,2,1,0.5
DAN_21013,2,1,0.5
DAN_21014,2,1,0.5
DAN_21029,1,1,1.0
DAN_21068,1,1,1.0
DAN_21106,3,2,0.6666666666666666
DAN_21119,1,0,0.0
DAN_21155,2,1,0.5
DAN_21212,1,0,0.0
DAN_21222,3,2,0.6666666666666666
DAN_21236,1,1,1.0
DAN_21240,2,2,1.0
DAN_21280,2,0,0.0
DAN_21283,3,1,0.3333333333333333
DAN_21286,1,0,0.0
DAN_21316,1,1,1.0
DAN_21337,2,1,0.5
DAN_21341,3,1,0.3333333333333333
DAN_21343,3,0,0.0
DAN_21357,1,0,0.0
DAN_21389,2,1,0.5
DAN_21393,1,1,1.0
DAN_21427,1,1,1.0
DAN_21429,1,1,1.0
DAN_21476,1,0,0.0
DAN_21595,4,1,0.25
DAN_22686,2,1,0.5
DAN_22687,1,1,1.0
DAN_22696,2,1,0.5
DAN_22699,2,1,0.5
DAN_22719,2,1,0.5
DAN_22742,1,0,0.0
DAN_22812,1,1,1.0
DAN_22817,1,0,0.0
DAN_22837,2,1,0.5
DAN_22846,1,0,0.0
DAN_22871,1,0,0.0
DAN_22920,2,0,0.0
DAN_22923,5,0,0.0
DAN_22927,3,1,0.3333333333333333
DAN_22930,5,3,0.6
DAN_22931,1,0,0.0
DAN_22934,3,2,0.6666666666666666
DAN_22935,1,0,0.0
DAN_22942,1,0,0.0
DAN_22944,1,0,0.0
DAN_22945,1,0,0.0
DAN_23001,2,0,0.0
DAN_23544,2,0,0.0
DAN_24793,3,1,0.3333333333333333
DAN_25727,1,0,0.0
DAN_25754,1,0,0.0
DAN_25765,1,0,0.0
DAN_25767,2,1,0.5
DAN_25792,1,0,0.0
DAN_25806,1,1,1.0
DAN_25807,2,1,0.5
DAN_25824,2,1,0.5
DAN_25825,2,1,0.5
DAN_25826,2,1,0.5
DAN_25827,5,2,0.4
DAN_25840,3,2,0.6666666666666666
DAN_25843,2,1,0.5
DAN_25851,1,0,0.0
DAN_25863,2,1,0.5
DAN_25876,1,1,1.0
DAN_25880,1,1,1.0
DAN_25885,2,1,0.5
DAN_25893,1,1,1.0
DAN_25897,1,1,1.0
DAN_25916,1,1,1.0
DAN_25925,2,1,0.5
DAN_25928,1,1,1.0
DAN_25946,1,0,0.0
DAN_26917,1,0,0.0
DAN_26941,1,0,0.0
DAN_26942,1,1,1.0
DAN_26943,1,0,0.0
DAN_26944,1,0,0.0
DAN_26955,2,1,0.5
DAN_26966,2,1,0.5
DAN_26988,2,1,0.5
DAN_27182,2,1,0.5
DAN_27910,1,1,1.0
DAN_27911,1,1,1.0
DAN_27912,1,1,1.0
DAN_27949,1,0,0.0
DAN_28059,1,1,1.0
DAN_28070,1,1,1.0
DAN_28071,1,0,0.0
DAN_28245,1,1,1.0
DAN_28259,1,0,0.0
FIN_02327,4,1,0.25
FIN_03116,6,1,0.16666666666666666
FIN_03118,6,2,0.3333333333333333
FIN_03512,9,1,0.1111111111111111
FIN_03749,11,2,0.18181818181818182
FIN_11895,8,0,0.0
FIN_11896,9,1,0.1111111111111111
FIN_11915,5,1,0.2
FIN_11935,5,1,0.2
FIN_11940,4,0,0.0
FIN_11943,2,0,0.0
FIN_11961,1,0,0.0
FIN_11964,6,0,0.0
FIN_11968,4,0,0.0
FIN_11975,5,1,0.2
FIN_11976,6,2,0.3333333333333333
FIN_11979,4,1,0.25
FIN_11981,2,0,0.0
FIN_11984,3,1,0.3333333333333333
FIN_12032,5,0,0.0
FIN_12035,3,0,0.0
FIN_12040,4,0,0.0
FIN_12041,7,2,0.2857142857142857
FIN_12044,2,0,0.0
FIN_12047,4,2,0.5
FIN_12049,2,1,0.5
FIN_13146,5,1,0.2
FIN_13181,4,0,0.0
FIN_14136,7,1,0.14285714285714285
FIN_15501,10,2,0.2
FIN_16510,5,0,0.0
FIN_16512,2,1,0.5
FIN_16517,3,0,0.0
FIN_16519,5,1,0.2
FIN_16520,2,0,0.0
FIN_16522,4,4,1.0
FIN_16528,3,1,0.3333333333333333
FIN_16530,3,1,0.3333333333333333
FIN_16531,1,1,1.0
FIN_16536,1,0,0.0
FIN_16542,2,1,0.5
FIN_16546,2,1,0.5
FIN_16549,2,1,0.5
FIN_16550,8,2,0.25
FIN_16552,2,0,0.0
FIN_16555,3,1,0.3333333333333333
FIN_16557,2,0,0.0
FIN_16558,3,0,0.0
FIN_16563,2,1,0.5
FIN_16568,2,0,0.0
FIN_16574,2,1,0.5
FIN_16582,3,0,0.0
FIN_16585,5,3,0.6
FIN_16601,6,1,0.16666666666666666
FIN_16605,6,2,0.3333333333333333
FIN_16607,3,1,0.3333333333333333
FIN_16613,5,1,0.2
FIN_16617,1,0,0.0
FIN_16625,1,1,1.0
FIN_16626,2,1,0.5
FIN_16634,2,1,0.5
FIN_16649,8,3,0.375
FIN_16651,2,1,0.5
FIN_16664,2,1,0.5
FIN_16677,1,0,0.0
FIN_16681,4,2,0.5
FIN_16686,3,1,0.3333333333333333
FIN_16694,1,0,0.0
FIN_16711,1,0,0.0
FIN_16730,2,1,0.5
FIN_16734,2,0,0.0
FIN_16735,2,1,0.5
FIN_16737,1,0,0.0
FIN_16769,3,0,0.0
FIN_16780,1,0,0.0
FIN_16781,4,2,0.5
FIN_16782,1,0,0.0
FIN_16784,2,0,0.0
FIN_16786,1,0,0.0
FIN_16788,4,2,0.5
FIN_16789,1,0,0.0
FIN_16790,3,1,0.3333333333333333
FIN_16791,5,1,0.2
FIN_16792,5,3,0.6
FIN_16793,3,0,0.0
FIN_16801,5,3,0.6
FIN_16802,4,2,0.5
FIN_16806,5,0,0.0
FIN_16807,5,2,0.4
FIN_16819,1,0,0.0
FIN_16837,9,2,0.2222222222222222
FIN_16856,2,1,0.5
FIN_16858,1,0,0.0
FIN_16861,3,1,0.3333333333333333
FIN_16862,1,0,0.0
FIN_16892,1,1,1.0
FIN_16901,4,0,0.0
FIN_16903,2,1,0.5
FIN_16912,5,1,0.2
FIN_16916,2,1,0.5
FIN_16917,11,4,0.36363636363636365
FIN_16922,2,1,0.5
FIN_16941,7,2,0.2857142857142857
FIN_16975,10,2,0.2
FIN_16981,1,0,0.0
FIN_16982,1,0,0.0
FIN_16983,1,0,0.0
FIN_16991,3,0,0.0
FIN_16994,7,2,0.2857142857142857
FIN_16996,2,1,0.5
FIN_17043,2,1,0.5
FIN_17051,4,0,0.0
FIN_17060,3,2,0.6666666666666666
FIN_17065,4,2,0.5
FIN_17069,4,0,0.0
FIN_17077,1,1,1.0
FIN_17079,2,0,0.0
FIN_17106,4,0,0.0
FIN_17113,6,1,0.16666666666666666
FIN_17127,1,1,1.0
FIN_17141,2,1,0.5
FIN_17144,1,0,0.0
FIN_17156,2,1,0.5
FIN_17183,2,1,0.5
FIN_17187,2,0,0.0
FIN_17192,2,1,0.5
FIN_17198,3,1,0.3333333333333333
FIN_17201,2,1,0.5
FIN_17210,2,1,0.5
FIN_17217,1,1,1.0
FIN_17237,1,0,0.0
FIN_17246,5,2,0.4
FIN_17260,2,1,0.5
FIN_17299,1,0,0.0
FIN_17306,1,0,0.0
FIN_17309,1,0,0.0
FIN_17315,3,1,0.3333333333333333
FIN_17335,1,0,0.0
FIN_17339,1,1,1.0
FIN_17349,1,0,0.0
FIN_17357,2,1,0.5
FIN_17362,1,0,0.0
FIN_17375,2,1,0.5
FIN_17387,3,1,0.3333333333333333
FIN_17397,4,2,0.5
FIN_17430,3,2,0.6666666666666666
FIN_17454,2,1,0.5
FIN_17458,1,0,0.0
FIN_17616,2,1,0.5
FIN_17794,3,0,0.0
FIN_17803,5,0,0.0
FIN_17817,1,0,0.0
FIN_17818,3,1,0.3333333333333333
FIN_17838,12,3,0.25
FIN_18110,2,1,0.5
FIN_18433,2,1,0.5
FIN_18462,2,1,0.5
FIN_18589,3,1,0.3333333333333333
FIN_18618,3,1,0.3333333333333333
FIN_18619,2,1,0.5
FIN_18782,4,2,0.5
FIN_18840,1,0,0.0
FIN_18842,2,0,0.0
FIN_18845,2,1,0.5
FIN_18848,1,0,0.0
FIN_20114,5,1,0.2
FIN_20135,1,1,1.0
FIN_20573,5,2,0.4
FIN_22703,9,0,0.0
FIN_22831,9,0,0.0
FIN_22859,1,0,0.0
FIN_22988,1,0,0.0
FIN_23028,3,1,0.3333333333333333
FIN_23094,6,0,0.0
FIN_23095,2,1,0.5
FIN_23162,5,1,0.2
FIN_23168,7,2,0.2857142857142857
FIN_23170,8,1,0.125
FIN_23171,2,1,0.5
FIN_23172,6,2,0.3333333333333333
FIN_23173,1,0,0.0
FIN_23174,2,0,0.0
FIN_23175,1,0,0.0
FIN_23177,4,1,0.25
FIN_23180,6,0,0.0
FIN_23183,5,2,0.4
FIN_23185,6,1,0.16666666666666666
FIN_23187,3,0,0.0
FIN_23188,2,1,0.5
FIN_23189,2,1,0.5
FIN_23190,7,1,0.14285714285714285
FIN_23191,3,1,0.3333333333333333
FIN_23192,5,1,0.2
FIN_23193,9,0,0.0
FIN_23195,1,0,0.0
FIN_23196,3,0,0.0
FIN_23197,3,1,0.3333333333333333
FIN_23199,1,0,0.0
FIN_23200,4,2,0.5
FIN_23202,3,1,0.3333333333333333
FIN_23203,3,1,0.3333333333333333
FIN_23204,1,1,1.0
FIN_23205,4,1,0.25
FIN_23207,6,1,0.16666666666666666
FIN_23210,4,2,0.5
FIN_23211,3,1,0.3333333333333333
FIN_23213,4,1,0.25
FIN_23216,2,1,0.5
FIN_23218,2,1,0.5
FIN_23219,3,1,0.3333333333333333
FIN_23221,2,1,0.5
FIN_23222,4,2,0.5
FIN_23225,5,2,0.4
FIN_23226,7,1,0.14285714285714285
FIN_23227,6,2,0.3333333333333333
FIN_23228,4,1,0.25
FIN_23229,1,0,0.0
FIN_23233,2,1,0.5
FIN_23234,4,0,0.0
FIN_23235,3,1,0.3333333333333333
FIN_23236,4,0,0.0
FIN_23237,4,1,0.25
FIN_23238,8,1,0.125
FIN_23239,7,1,0.14285714285714285
FIN_23240,6,2,0.3333333333333333
FIN_23380,4,0,0.0
FIN_23429,4,1,0.25
FIN_23434,9,3,0.3333333333333333
FIN_23435,2,1,0.5
FIN_23436,2,0,0.0
FIN_23437,4,0,0.0
FIN_23439,7,1,0.14285714285714285
FIN_23441,6,1,0.16666666666666666
FIN_23442,6,2,0.3333333333333333
FIN_23443,1,0,0.0
FIN_23447,9,2,0.2222222222222222
FIN_23448,8,1,0.125
FIN_23451,2,1,0.5
FIN_23452,2,0,0.0
FIN_23453,6,1,0.16666666666666666
FIN_23454,4,0,0.0
FIN_23455,4,1,0.25
FIN_23456,7,1,0.14285714285714285
FIN_23458,1,0,0.0
FIN_23459,1,0,0.0
FIN_23460,3,0,0.0
FIN_23461,4,0,0.0
FIN_23462,8,2,0.25
FIN_23463,3,0,0.0
FIN_23464,3,0,0.0
FIN_23465,4,1,0.25
FIN_23467,3,1,0.3333333333333333
FIN_23470,7,3,0.42857142857142855
FIN_23471,6,1,0.16666666666666666
FIN_23472,5,1,0.2
FIN_23473,3,0,0.0
FIN_23474,2,1,0.5
FIN_23476,4,0,0.0
FIN_23477,1,0,0.0
FIN_23478,3,0,0.0
FIN_23479,2,0,0.0
FIN_23480,1,0,0.0
FIN_23481,1,0,0.0
FIN_23482,2,0,0.0
FIN_23483,9,0,0.0
FIN_23485,2,1,0.5
FIN_23486,5,1,0.2
FIN_23488,4,1,0.25
FIN_23490,9,2,0.2222222222222222
FIN_23491,7,0,0.0
FIN_23492,8,2,0.25
FIN_23493,3,0,0.0
FIN_23494,5,1,0.2
FIN_23495,5,1,0.2
FIN_23498,1,0,0.0
FIN_23500,6,1,0.16666666666666666
FIN_23501,4,1,0.25
FIN_23502,6,0,0.0
FIN_23503,2,0,0.0
FIN_23505,4,1,0.25
FIN_23507,5,1,0.2
FIN_23552,3,1,0.3333333333333333
FIN_23553,1,0,0.0
FIN_23733,2,1,0.5
FIN_23744,6,1,0.16666666666666666
FIN_23746,5,0,0.0
FIN_24928,7,0,0.0
FIN_24944,1,1,1.0
FIN_24955,5,1,0.2
FIN_25099,1,0,0.0
FIN_25100,1,1,1.0
FIN_26888,9,1,0.1111111111111111
FIN_26963,9,2,0.2222222222222222
FIN_27019,4,1,0.25
FIN_27190,2,0,0.0
FIN_27909,3,2,0.6666666666666666
FIN_27937,5,1,0.2
FIN_27962,4,2,0.5
FIN_28047,2,0,0.0
FIN_28057,1,0,0.0
FIN_28105,4,1,0.25
FIN_28269,12,2,0.16666666666666666
ISL_12173,7,2,0.2857142857142857
ISL_12174,5,2,0.4
ISL_12175,2,1,0.5
ISL_12176,8,2,0.25
ISL_12178,1,0,0.0
ISL_12182,3,1,0.3333333333333333
ISL_12183,2,0,0.0
ISL_12186,5,2,0.4
ISL_12189,5,2,0.4
ISL_12190,4,2,0.5
ISL_12197,6,0,0.0
ISL_12198,11,2,0.18181818181818182
ISL_12199,3,0,0.0
ISL_12200,12,5,0.4166666666666667
ISL_12201,3,1,0.3333333333333333
ISL_12203,2,1,0.5
ISL_12205,11,3,0.2727272727272727
ISL_12206,4,1,0.25
ISL_12210,2,1,0.5
ISL_12211,4,1,0.25
ISL_12212,10,5,0.5
ISL_12214,1,1,1.0
ISL_12223,5,2,0.4
ISL_12225,6,2,0.3333333333333333
ISL_12226,4,1,0.25
ISL_12228,5,1,0.2
ISL_12229,2,1,0.5
ISL_12232,2,1,0.5
ISL_12233,4,1,0.25
ISL_12234,2,1,0.5
ISL_12235,4,2,0.5
ISL_12236,4,1,0.25
ISL_12238,10,2,0.2
ISL_12243,4,3,0.75
ISL_12244,1,1,1.0
ISL_12246,7,3,0.42857142857142855
ISL_12247,9,2,0.2222222222222222
ISL_12248,9,4,0.4444444444444444
ISL_12249,5,2,0.4
ISL_12250,7,1,0.14285714285714285
ISL_12251,8,1,0.125
ISL_12253,6,3,0.5
ISL_12254,9,3,0.3333333333333333
ISL_12255,8,3,0.375
ISL_12256,11,2,0.18181818181818182
ISL_12258,4,0,0.0
ISL_12260,13,2,0.15384615384615385
ISL_12261,9,0,0.0
ISL_12264,6,3,0.5
ISL_12265,3,1,0.3333333333333333
ISL_12266,1,0,0.0
ISL_12267,2,1,0.5
ISL_12268,1,1,1.0
ISL_12273,1,1,1.0
ISL_12274,1,0,0.0
ISL_12275,2,1,0.5
ISL_12277,9,2,0.2222222222222222
ISL_12278,10,1,0.1
ISL_12283,4,1,0.25
ISL_12284,12,0,0.0
ISL_12285,5,2,0.4
ISL_12286,7,4,0.5714285714285714
ISL_12288,3,1,0.3333333333333333
ISL_12290,1,0,0.0
ISL_12294,5,2,0.4
ISL_12297,2,1,0.5
ISL_12300,2,1,0.5
ISL_12301,1,0,0.0
ISL_12302,2,2,1.0
ISL_12303,3,1,0.3333333333333333
ISL_13353,3,1,0.3333333333333333
ISL_13354,11,0,0.0
ISL_13359,1,1,1.0
ISL_13360,6,3,0.5
ISL_13361,5,1,0.2
ISL_13364,1,1,1.0
ISL_13367,2,1,0.5
ISL_13370,6,3,0.5
ISL_13371,8,4,0.5
ISL_13372,4,1,0.25
ISL_13375,6,2,0.3333333333333333
ISL_13378,1,0,0.0
ISL_13379,3,1,0.3333333333333333
ISL_13381,7,3,0.42857142857142855
ISL_13386,3,1,0.3333333333333333
ISL_13389,2,1,0.5
ISL_14100,3,1,0.3333333333333333
ISL_14106,8,3,0.375
ISL_14159,6,2,0.3333333333333333
ISL_14179,2,0,0.0
ISL_14268,8,1,0.125
ISL_15078,4,2,0.5
ISL_15096,13,1,0.07692307692307693
ISL_15114,4,2,0.5
ISL_15555,7,2,0.2857142857142857
ISL_15615,7,2,0.2857142857142857
ISL_15661,4,1,0.25
ISL_15662,3,2,0.6666666666666666
ISL_15741,11,1,0.09090909090909091
ISL_15742,3,2,0.6666666666666666
ISL_15917,7,1,0.14285714285714285
ISL_15981,3,1,0.3333333333333333
ISL_15992,2,2,1.0
ISL_16006,2,2,1.0
ISL_16007,13,2,0.15384615384615385
ISL_16021,6,2,0.3333333333333333
ISL_16087,7,4,0.5714285714285714
ISL_16127,7,5,0.7142857142857143
ISL_16129,4,2,0.5
ISL_16167,9,3,0.3333333333333333
ISL_16215,12,1,0.08333333333333333
ISL_16227,6,3,0.5
ISL_16349,1,1,1.0
ISL_16459,3,1,0.3333333333333333
ISL_16460,6,2,0.3333333333333333
ISL_17382,6,2,0.3333333333333333
ISL_17383,4,2,0.5
ISL_17619,4,1,0.25
ISL_17728,1,1,1.0
ISL_17732,8,3,0.375
ISL_17734,5,2,0.4
ISL_17777,2,0,0.0
ISL_17953,11,0,0.0
ISL_18392,1,0,0.0
ISL_18546,3,1,0.3333333333333333
ISL_18571,1,0,0.0
ISL_18572,4,3,0.75
ISL_18641,1,0,0.0
ISL_18750,9,3,0.3333333333333333
ISL_18818,5,0,0.0
ISL_20091,9,2,0.2222222222222222
ISL_20173,2,1,0.5
ISL_20314,5,2,0.4
ISL_20392,10,1,0.1
ISL_20393,1,0,0.0
ISL_20396,6,1,0.16666666666666666
ISL_20509,7,3,0.42857142857142855
ISL_20959,13,1,0.07692307692307693
ISL_20985,3,1,0.3333333333333333
ISL_21045,11,4,0.36363636363636365
ISL_22732,4,1,0.25
ISL_22733,7,3,0.42857142857142855
ISL_22767,3,0,0.0
ISL_22986,1,1,1.0
ISL_23097,7,2,0.2857142857142857
ISL_23399,10,5,0.5
ISL_23416,7,2,0.2857142857142857
ISL_23717,1,0,0.0
ISL_23732,6,0,0.0
ISL_24770,10,1,0.1
ISL_25952,11,0,0.0
ISL_27963,3,1,0.3333333333333333
NOR_00258,4,2,0.5
NOR_00259,1,1,1.0
NOR_00276,9,0,0.0
NOR_00377,1,0,0.0
NOR_00511,2,1,0.5
NOR_01213,10,0,0.0
NOR_01267,12,1,0.08333333333333333
NOR_01333,12,1,0.08333333333333333
NOR_01338,5,1,0.2
NOR_01359,7,1,0.14285714285714285
NOR_01365,2,1,0.5
NOR_01373,12,0,0.0
NOR_01374,7,1,0.14285714285714285
NOR_01422,9,2,0.2222222222222222
NOR_01423,10,1,0.1
NOR_01452,12,0,0.0
NOR_01453,12,0,0.0
NOR_01468,5,1,0.2
NOR_01477,7,1,0.14285714285714285
NOR_01620,8,1,0.125
NOR_01635,9,1,0.1111111111111111
NOR_01762,4,1,0.25
NOR_01838,9,0,0.0
NOR_01875,9,3,0.3333333333333333
NOR_01876,13,0,0.0
NOR_01877,11,0,0.0
NOR_01879,3,0,0.0
NOR_01958,13,4,0.3076923076923077
NOR_02001,1,0,0.0
NOR_02040,10,1,0.1
NOR_02075,4,1,0.25
NOR_02120,6,1,0.16666666666666666
NOR_02187,5,0,0.0
NOR_02451,4,0,0.0
NOR_02452,5,1,0.2
NOR_02470,5,1,0.2
NOR_02475,12,1,0.08333333333333333
NOR_02494,8,0,0.0
NOR_02527,10,0,0.0
NOR_02528,8,1,0.125
NOR_02529,9,1,0.1111111111111111
NOR_02530,8,0,0.0
NOR_02561,5,1,0.2
NOR_02562,13,0,0.0
NOR_02590,8,0,0.0
NOR_02627,8,0,0.0
NOR_02643,8,2,0.25
NOR_02651,11,0,0.0
NOR_02663,3,0,0.0
NOR_02672,9,0,0.0
NOR_02729,10,1,0.1
NOR_02736,7,1,0.14285714285714285
NOR_02772,10,2,0.2
NOR_02773,5,0,0.0
NOR_02821,9,1,0.1111111111111111
NOR_02840,11,0,0.0
NOR_02841,5,0,0.0
NOR_02842,9,2,0.2222222222222222
NOR_02843,6,0,0.0
NOR_02867,8,0,0.0
NOR_02872,8,1,0.125
NOR_02898,5,1,0.2
NOR_02899,6,1,0.16666666666666666
NOR_02910,11,0,0.0
NOR_02911,11,0,0.0
NOR_02912,13,0,0.0
NOR_02913,4,1,0.25
NOR_02914,9,0,0.0
NOR_02915,11,0,0.0
NOR_02916,4,1,0.25
NOR_02919,8,2,0.25
NOR_02939,6,1,0.16666666666666666
NOR_02958,10,1,0.1
NOR_02992,7,1,0.14285714285714285
NOR_03007,4,1,0.25
NOR_03050,8,1,0.125
NOR_03054,5,1,0.2
NOR_03243,3,1,0.3333333333333333
NOR_03244,5,1,0.2
NOR_03246,9,3,0.3333333333333333
NOR_03253,11,3,0.2727272727272727
NOR_03274,6,0,0.0
NOR_03299,2,1,0.5
NOR_03331,12,1,0.08333333333333333
NOR_03333,9,1,0.1111111111111111
NOR_03334,12,1,0.08333333333333333
NOR_03397,10,0,0.0
NOR_03402,4,1,0.25
NOR_03404,5,1,0.2
NOR_03440,11,1,0.09090909090909091
NOR_03451,2,1,0.5
NOR_03460,10,0,0.0
NOR_03464,7,3,0.42857142857142855
NOR_03465,2,2,1.0
NOR_03475,8,1,0.125
NOR_03484,11,2,0.18181818181818182
NOR_03486,7,2,0.2857142857142857
NOR_03498,9,0,0.0
NOR_03502,5,2,0.4
NOR_03519,11,1,0.09090909090909091
NOR_03521,11,0,0.0
NOR_03528,11,1,0.09090909090909091
NOR_03558,8,1,0.125
NOR_03559,7,1,0.14285714285714285
NOR_03560,7,0,0.0
NOR_03582,4,0,0.0
NOR_03583,4,1,0.25
NOR_03596,7,2,0.2857142857142857
NOR_03619,3,1,0.3333333333333333
NOR_03620,11,1,0.09090909090909091
NOR_03642,4,1,0.25
NOR_03643,7,2,0.2857142857142857
NOR_03660,8,1,0.125
NOR_03662,6,0,0.0
NOR_03663,2,1,0.5
NOR_03686,8,1,0.125
NOR_03699,12,1,0.08333333333333333
NOR_03701,8,3,0.375
NOR_03702,8,1,0.125
NOR_03708,2,1,0.5
NOR_03711,10,2,0.2
NOR_03712,8,0,0.0
NOR_03715,1,0,0.0
NOR_03727,8,0,0.0
NOR_03728,2,1,0.5
NOR_03729,7,3,0.42857142857142855
NOR_03731,3,0,0.0
NOR_03735,8,0,0.0
NOR_03757,6,2,0.3333333333333333
NOR_03758,6,1,0.16666666666666666
NOR_03761,10,3,0.3
NOR_03763,10,0,0.0
NOR_03764,9,1,0.1111111111111111
NOR_03773,6,2,0.3333333333333333
NOR_03776,7,0,0.0
NOR_03777,5,0,0.0
NOR_03778,12,0,0.0
NOR_03784,6,1,0.16666666666666666
NOR_03785,8,3,0.375
NOR_03786,2,0,0.0
NOR_03791,8,0,0.0
NOR_03801,10,2,0.2
NOR_03805,10,1,0.1
NOR_03821,8,0,0.0
NOR_03822,7,1,0.14285714285714285
NOR_03823,10,1,0.1
NOR_03829,2,0,0.0
NOR_03854,8,0,0.0
NOR_03875,9,2,0.2222222222222222
NOR_04036,6,2,0.3333333333333333
NOR_04041,4,2,0.5
NOR_04045,9,0,0.0
NOR_04071,3,1,0.3333333333333333
NOR_04072,3,0,0.0
NOR_04073,4,2,0.5
NOR_04075,2,0,0.0
NOR_04092,8,2,0.25
NOR_04128,4,0,0.0
NOR_04161,10,1,0.1
NOR_04169,12,3,0.25
NOR_04170,12,2,0.16666666666666666
NOR_04171,7,1,0.14285714285714285
NOR_04173,5,1,0.2
NOR_04178,11,3,0.2727272727272727
NOR_04185,2,0,0.0
NOR_04186,9,1,0.1111111111111111
NOR_04197,10,0,0.0
NOR_04198,2,1,0.5
NOR_04201,9,1,0.1111111111111111
NOR_04206,6,1,0.16666666666666666
NOR_04207,3,0,0.0
NOR_04208,3,0,0.0
NOR_04210,4,1,0.25
NOR_04214,3,1,0.3333333333333333
NOR_04219,10,3,0.3
NOR_04220,10,3,0.3
NOR_04225,8,1,0.125
NOR_04232,13,2,0.15384615384615385
NOR_04236,10,0,0.0
NOR_04238,10,2,0.2
NOR_04246,7,0,0.0
NOR_04259,5,1,0.2
NOR_04292,7,3,0.42857142857142855
NOR_04310,5,2,0.4
NOR_04313,10,1,0.1
NOR_04318,12,0,0.0
NOR_04324,9,2,0.2222222222222222
NOR_04325,10,1,0.1
NOR_04326,6,3,0.5
NOR_04329,2,1,0.5
NOR_04330,5,1,0.2
NOR_04331,5,2,0.4
NOR_04355,13,0,0.0
NOR_04359,10,0,0.0
NOR_04362,7,1,0.14285714285714285
NOR_04364,10,3,0.3
NOR_04388,1,0,0.0
NOR_04396,7,2,0.2857142857142857
NOR_04397,7,1,0.14285714285714285
NOR_04400,5,2,0.4
NOR_04401,3,1,0.3333333333333333
NOR_04405,7,2,0.2857142857142857
NOR_04406,10,1,0.1
NOR_04407,10,2,0.2
NOR_04408,9,0,0.0
NOR_04414,7,1,0.14285714285714285
NOR_04440,5,1,0.2
NOR_04442,11,0,0.0
NOR_04443,6,1,0.16666666666666666
NOR_04446,8,0,0.0
NOR_04448,11,0,0.0
NOR_04449,1,0,0.0
NOR_04450,13,1,0.07692307692307693
NOR_04458,5,0,0.0
NOR_04459,4,2,0.5
NOR_04460,8,3,0.375
NOR_04479,7,2,0.2857142857142857
NOR_04480,9,1,0.1111111111111111
NOR_04483,11,0,0.0
NOR_04532,2,1,0.5
NOR_04569,2,0,0.0
NOR_04617,8,1,0.125
NOR_04626,3,1,0.3333333333333333
NOR_04628,4,2,0.5
NOR_04629,5,0,0.0
NOR_04652,10,0,0.0
NOR_04658,10,0,0.0
NOR_04659,6,1,0.16666666666666666
NOR_04660,12,0,0.0
NOR_04666,8,2,0.25
NOR_04675,10,4,0.4
NOR_04680,4,0,0.0
NOR_04689,4,2,0.5
NOR_04698,12,0,0.0
NOR_04740,12,0,0.0
NOR_04742,5,1,0.2
NOR_04744,8,1,0.125
NOR_04763,8,3,0.375
NOR_04766,5,0,0.0
NOR_04770,9,1,0.1111111111111111
NOR_04771,10,3,0.3
NOR_04772,3,1,0.3333333333333333
NOR_04773,7,0,0.0
NOR_04775,12,2,0.16666666666666666
NOR_04792,2,1,0.5
NOR_04795,10,0,0.0
NOR_04837,12,0,0.0
NOR_04868,10,1,0.1
NOR_04869,13,2,0.15384615384615385
NOR_04878,1,0,0.0
NOR_04880,11,4,0.36363636363636365
NOR_04881,2,0,0.0
NOR_04882,10,1,0.1
NOR_04883,7,2,0.2857142857142857
NOR_04888,6,1,0.16666666666666666
NOR_04892,6,1,0.16666666666666666
NOR_04893,3,0,0.0
NOR_04894,8,3,0.375
NOR_04895,7,1,0.14285714285714285
NOR_04896,6,2,0.3333333333333333
NOR_04897,6,1,0.16666666666666666
NOR_04914,9,1,0.1111111111111111
NOR_04938,9,2,0.2222222222222222
NOR_04980,2,0,0.0
NOR_04981,6,0,0.0
NOR_04982,9,1,0.1111111111111111
NOR_04983,4,0,0.0
NOR_04984,8,1,0.125
NOR_04986,7,1,0.14285714285714285
NOR_05012,11,2,0.18181818181818182
NOR_05016,10,0,0.0
NOR_05019,5,2,0.4
NOR_05025,2,1,0.5
NOR_05035,1,0,0.0
NOR_05037,8,1,0.125
NOR_05048,4,1,0.25
NOR_05055,3,2,0.6666666666666666
NOR_05066,13,1,0.07692307692307693
NOR_05067,3,0,0.0
NOR_05068,6,0,0.0
NOR_05069,5,1,0.2
NOR_05070,13,0,0.0
NOR_05073,6,3,0.5
NOR_05075,1,0,0.0
NOR_05076,1,0,0.0
NOR_05078,8,1,0.125
NOR_05093,7,1,0.14285714285714285
NOR_05112,3,0,0.0
NOR_05113,11,0,0.0
NOR_05115,10,1,0.1
NOR_05141,1,1,1.0
NOR_05160,2,0,0.0
NOR_05174,11,1,0.09090909090909091
NOR_05187,8,0,0.0
NOR_05191,9,3,0.3333333333333333
NOR_05194,6,1,0.16666666666666666
NOR_05196,11,1,0.09090909090909091
NOR_05197,9,0,0.0
NOR_05237,7,1,0.14285714285714285
NOR_05238,4,1,0.25
NOR_05239,10,2,0.2
NOR_05272,10,0,0.0
NOR_05317,10,0,0.0
NOR_05356,11,0,0.0
NOR_05357,12,0,0.0
NOR_05358,9,1,0.1111111111111111
NOR_05373,8,0,0.0
NOR_05421,10,0,0.0
NOR_05451,10,0,0.0
NOR_05465,12,0,0.0
NOR_05579,3,1,0.3333333333333333
NOR_05582,7,1,0.14285714285714285
NOR_05587,7,0,0.0
NOR_05601,9,1,0.1111111111111111
NOR_05611,3,1,0.3333333333333333
NOR_05619,5,2,0.4
NOR_05626,11,0,0.0
NOR_05627,5,0,0.0
NOR_05628,2,0,0.0
NOR_05646,13,2,0.15384615384615385
NOR_05649,7,2,0.2857142857142857
NOR_05656,5,1,0.2
NOR_05657,12,0,0.0
NOR_05659,12,0,0.0
NOR_05666,3,1,0.3333333333333333
NOR_05691,13,0,0.0
NOR_05694,9,0,0.0
NOR_05703,12,0,0.0
NOR_05757,7,0,0.0
NOR_05759,12,2,0.16666666666666666
NOR_05760,10,1,0.1
NOR_05762,7,0,0.0
NOR_05769,9,1,0.1111111111111111
NOR_05771,8,1,0.125
NOR_05772,8,2,0.25
NOR_05790,13,1,0.07692307692307693
NOR_05798,8,1,0.125
NOR_05821,5,2,0.4
NOR_05823,9,1,0.1111111111111111
NOR_05861,7,1,0.14285714285714285
NOR_05867,6,1,0.16666666666666666
NOR_05875,13,0,0.0
NOR_05894,8,0,0.0
NOR_05899,13,1,0.07692307692307693
NOR_05904,8,0,0.0
NOR_05905,4,1,0.25
NOR_05906,2,1,0.5
NOR_05907,10,0,0.0
NOR_05937,9,1,0.1111111111111111
NOR_05938,8,1,0.125
NOR_05948,11,0,0.0
NOR_05975,2,0,0.0
NOR_05976,11,1,0.09090909090909091
NOR_05977,12,1,0.08333333333333333
NOR_05978,10,0,0.0
NOR_05987,7,0,0.0
NOR_05989,2,1,0.5
NOR_06047,8,1,0.125
NOR_06051,6,2,0.3333333333333333
NOR_06052,13,0,0.0
NOR_06066,11,1,0.09090909090909091
NOR_06082,6,1,0.16666666666666666
NOR_06083,7,0,0.0
NOR_06084,9,3,0.3333333333333333
NOR_06085,10,0,0.0
NOR_06086,12,0,0.0
NOR_06094,8,0,0.0
NOR_06095,7,2,0.2857142857142857
NOR_06096,6,1,0.16666666666666666
NOR_06100,4,0,0.0
NOR_06116,2,1,0.5
NOR_06118,7,2,0.2857142857142857
NOR_06125,12,1,0.08333333333333333
NOR_06126,8,1,0.125
NOR_06128,8,0,0.0
NOR_06129,7,0,0.0
NOR_06130,7,1,0.14285714285714285
NOR_06131,8,1,0.125
NOR_06132,9,1,0.1111111111111111
NOR_06133,7,1,0.14285714285714285
NOR_06184,13,1,0.07692307692307693
NOR_06229,10,1,0.1
NOR_06231,10,0,0.0
NOR_06255,10,0,0.0
NOR_06265,11,0,0.0
NOR_06279,4,0,0.0
NOR_06281,7,0,0.0
NOR_06286,8,2,0.25
NOR_06297,6,2,0.3333333333333333
NOR_06302,1,0,0.0
NOR_06331,8,0,0.0
NOR_06332,8,0,0.0
NOR_06382,10,0,0.0
NOR_06384,11,0,0.0
NOR_06402,12,0,0.0
NOR_06459,8,0,0.0
NOR_06463,11,0,0.0
NOR_06464,10,0,0.0
NOR_06477,8,0,0.0
NOR_06488,8,1,0.125
NOR_06541,12,0,0.0
NOR_06547,1,1,1.0
NOR_06549,12,1,0.08333333333333333
NOR_06555,11,2,0.18181818181818182
NOR_06556,6,0,0.0
NOR_06578,11,2,0.18181818181818182
NOR_06679,9,3,0.3333333333333333
NOR_06682,12,1,0.08333333333333333
NOR_06698,12,0,0.0
NOR_06702,7,1,0.14285714285714285
NOR_06703,2,0,0.0
NOR_06706,10,1,0.1
NOR_06715,5,0,0.0
NOR_06716,11,2,0.18181818181818182
NOR_06742,4,2,0.5
NOR_06743,9,2,0.2222222222222222
NOR_06754,5,1,0.2
NOR_06755,8,2,0.25
NOR_06756,6,0,0.0
NOR_06757,10,3,0.3
NOR_06762,11,2,0.18181818181818182
NOR_06764,12,1,0.08333333333333333
NOR_06788,12,0,0.0
NOR_06789,10,0,0.0
NOR_06790,13,1,0.07692307692307693
NOR_06803,2,1,0.5
NOR_06804,11,4,0.36363636363636365
NOR_06806,8,1,0.125
NOR_06809,9,2,0.2222222222222222
NOR_06812,8,2,0.25
NOR_06819,6,1,0.16666666666666666
NOR_06820,13,0,0.0
NOR_06821,11,2,0.18181818181818182
NOR_06822,10,0,0.0
NOR_06846,13,0,0.0
NOR_06886,12,3,0.25
NOR_06888,10,0,0.0
NOR_06889,6,1,0.16666666666666666
NOR_06910,9,1,0.1111111111111111
NOR_06912,5,2,0.4
NOR_06931,12,0,0.0
NOR_06937,10,1,0.1
NOR_06941,3,0,0.0
NOR_07075,13,0,0.0
NOR_07168,11,1,0.09090909090909091
NOR_07174,8,0,0.0
NOR_07175,13,0,0.0
NOR_07224,9,1,0.1111111111111111
NOR_07246,10,0,0.0
NOR_07269,13,1,0.07692307692307693
NOR_07270,7,1,0.14285714285714285
NOR_07272,9,0,0.0
NOR_07295,10,0,0.0
NOR_07296,7,2,0.2857142857142857
NOR_07298,12,3,0.25
NOR_07306,9,0,0.0
NOR_07312,12,2,0.16666666666666666
NOR_07328,12,1,0.08333333333333333
NOR_07359,5,2,0.4
NOR_07440,3,1,0.3333333333333333
NOR_07446,9,0,0.0
NOR_07448,8,0,0.0
NOR_07449,11,0,0.0
NOR_07453,1,1,1.0
NOR_07454,6,1,0.16666666666666666
NOR_07457,13,0,0.0
NOR_07458,12,0,0.0
NOR_07468,3,0,0.0
NOR_07504,10,0,0.0
NOR_07506,12,1,0.08333333333333333
NOR_07566,9,1,0.1111111111111111
NOR_07705,9,0,0.0
NOR_07707,6,1,0.16666666666666666
NOR_07730,8,1,0.125
NOR_07731,3,0,0.0
NOR_07733,9,0,0.0
NOR_07760,13,1,0.07692307692307693
NOR_07761,12,0,0.0
NOR_07774,9,1,0.1111111111111111
NOR_07787,7,3,0.42857142857142855
NOR_07793,12,0,0.0
NOR_07806,5,0,0.0
NOR_07812,3,1,0.3333333333333333
NOR_07814,11,0,0.0
NOR_07815,9,0,0.0
NOR_07817,2,0,0.0
NOR_07863,9,1,0.1111111111111111
NOR_07893,13,1,0.07692307692307693
NOR_07897,3,0,0.0
NOR_07899,2,0,0.0
NOR_07908,13,0,0.0
NOR_07940,6,0,0.0
NOR_07979,13,0,0.0
NOR_07993,9,2,0.2222222222222222
NOR_08016,4,1,0.25
NOR_08027,13,1,0.07692307692307693
NOR_08101,13,0,0.0
NOR_08114,4,1,0.25
NOR_08119,11,0,0.0
NOR_08129,2,0,0.0
NOR_08151,10,0,0.0
NOR_08152,9,0,0.0
NOR_08175,8,1,0.125
NOR_08890,11,0,0.0
NOR_08905,6,1,0.16666666666666666
NOR_09156,9,1,0.1111111111111111
NOR_09183,3,0,0.0
NOR_09201,9,0,0.0
NOR_09306,4,0,0.0
NOR_09348,6,1,0.16666666666666666
NOR_09349,1,1,1.0
NOR_09350,8,0,0.0
NOR_09356,10,0,0.0
NOR_09361,1,0,0.0
NOR_09404,12,0,0.0
NOR_09407,4,0,0.0
NOR_09410,5,1,0.2
NOR_09416,9,0,0.0
NOR_09433,8,0,0.0
NOR_09434,10,1,0.1
NOR_09435,11,0,0.0
NOR_09436,9,1,0.1111111111111111
NOR_09437,10,0,0.0
NOR_09441,6,1,0.16666666666666666
NOR_09445,11,2,0.18181818181818182
NOR_09446,6,0,0.0
NOR_09462,3,0,0.0
NOR_09465,7,0,0.0
NOR_09466,9,1,0.1111111111111111
NOR_09467,2,0,0.0
NOR_09524,12,0,0.0
NOR_09525,13,1,0.07692307692307693
NOR_09526,12,0,0.0
NOR_09528,3,0,0.0
NOR_09529,2,0,0.0
NOR_09531,3,1,0.3333333333333333
NOR_09532,5,0,0.0
NOR_09560,12,0,0.0
NOR_09562,13,0,0.0
NOR_09565,11,3,0.2727272727272727
NOR_09570,5,0,0.0
NOR_09571,9,1,0.1111111111111111
NOR_09587,9,0,0.0
NOR_09593,10,2,0.2
NOR_09594,7,2,0.2857142857142857
NOR_09608,7,1,0.14285714285714285
NOR_09609,11,0,0.0
NOR_09632,9,0,0.0
NOR_09658,7,0,0.0
NOR_09663,11,0,0.0
NOR_09751,10,0,0.0
NOR_09761,10,1,0.1
NOR_09767,9,1,0.1111111111111111
NOR_09778,9,2,0.2222222222222222
NOR_09789,6,2,0.3333333333333333
NOR_09852,3,1,0.3333333333333333
NOR_09995,2,0,0.0
NOR_10042,13,0,0.0
NOR_10043,5,1,0.2
NOR_10080,8,2,0.25
NOR_10096,9,0,0.0
NOR_11230,7,0,0.0
NOR_11233,3,0,0.0
NOR_11246,10,2,0.2
NOR_11248,8,0,0.0
NOR_11250,10,0,0.0
NOR_11259,11,1,0.09090909090909091
NOR_11261,2,1,0.5
NOR_11264,2,0,0.0
NOR_11265,6,3,0.5
NOR_11267,7,1,0.14285714285714285
NOR_11269,3,1,0.3333333333333333
NOR_11271,8,3,0.375
NOR_11274,2,1,0.5
NOR_11275,3,1,0.3333333333333333
NOR_11276,4,1,0.25
NOR_11277,3,1,0.3333333333333333
NOR_11278,4,2,0.5
NOR_11279,9,6,0.6666666666666666
NOR_11284,11,1,0.09090909090909091
NOR_11288,1,0,0.0
NOR_11290,2,1,0.5
NOR_11293,6,3,0.5
NOR_11294,3,1,0.3333333333333333
NOR_11295,2,1,0.5
NOR_11296,3,1,0.3333333333333333
NOR_11297,4,1,0.25
NOR_11298,1,1,1.0
NOR_11300,4,1,0.25
NOR_11301,1,0,0.0
NOR_11302,4,2,0.5
NOR_11304,6,2,0.3333333333333333
NOR_11306,3,1,0.3333333333333333
NOR_11307,6,2,0.3333333333333333
NOR_11308,8,5,0.625
NOR_11311,2,1,0.5
NOR_11314,2,1,0.5
NOR_11315,1,0,0.0
NOR_11318,2,1,0.5
NOR_11319,1,0,0.0
NOR_11320,1,0,0.0
NOR_11323,6,3,0.5
NOR_11324,2,1,0.5
NOR_11327,1,0,0.0
NOR_11332,5,2,0.4
NOR_11723,9,1,0.1111111111111111
NOR_11814,2,1,0.5
NOR_11815,1,1,1.0
NOR_11819,3,1,0.3333333333333333
NOR_11827,2,0,0.0
NOR_11832,2,0,0.0
NOR_11834,1,0,0.0
NOR_11837,2,1,0.5
NOR_11840,7,1,0.14285714285714285
NOR_11841,3,0,0.0
NOR_11842,8,2,0.25
NOR_11843,10,2,0.2
NOR_11857,2,1,0.5
NOR_11858,13,0,0.0
NOR_12069,12,0,0.0
NOR_12071,1,0,0.0
NOR_12072,10,0,0.0
NOR_12074,5,0,0.0
NOR_12096,5,0,0.0
NOR_13057,1,1,1.0
NOR_13165,12,1,0.08333333333333333
NOR_13390,8,1,0.125
NOR_13391,4,1,0.25
NOR_13392,7,2,0.2857142857142857
NOR_13393,8,0,0.0
NOR_13487,2,1,0.5
NOR_13510,12,1,0.08333333333333333
NOR_13534,2,0,0.0
NOR_13537,3,2,0.6666666666666666
NOR_13541,3,0,0.0
NOR_13542,1,0,0.0
NOR_13543,3,0,0.0
NOR_13546,12,0,0.0
NOR_13548,3,1,0.3333333333333333
NOR_13549,1,0,0.0
NOR_13551,2,0,0.0
NOR_13554,3,1,0.3333333333333333
NOR_13555,7,0,0.0
NOR_13558,3,0,0.0
NOR_13559,3,1,0.3333333333333333
NOR_13561,4,2,0.5
NOR_13562,2,0,0.0
NOR_13564,5,2,0.4
NOR_13567,1,0,0.0
NOR_13574,2,0,0.0
NOR_13576,2,0,0.0
NOR_13580,2,1,0.5
NOR_13582,10,5,0.5
NOR_13583,6,1,0.16666666666666666
NOR_13584,3,2,0.6666666666666666
NOR_13585,2,0,0.0
NOR_13586,2,1,0.5
NOR_13587,2,1,0.5
NOR_13589,2,0,0.0
NOR_13592,2,1,0.5
NOR_13593,3,2,0.6666666666666666
NOR_13598,7,0,0.0
NOR_13599,2,1,0.5
NOR_13604,2,0,0.0
NOR_13607,4,2,0.5
NOR_13610,3,1,0.3333333333333333
NOR_13611,8,0,0.0
NOR_13612,10,1,0.1
NOR_13613,11,0,0.0
NOR_13620,3,0,0.0
NOR_13624,2,1,0.5
NOR_13625,2,1,0.5
NOR_13626,2,0,0.0
NOR_13630,1,1,1.0
NOR_13631,2,1,0.5
NOR_13634,2,1,0.5
NOR_13635,1,0,0.0
NOR_13636,3,1,0.3333333333333333
NOR_13637,9,1,0.1111111111111111
NOR_13638,4,0,0.0
NOR_13641,1,0,0.0
NOR_13646,1,0,0.0
NOR_13648,6,2,0.3333333333333333
NOR_13655,3,1,0.3333333333333333
NOR_13662,6,1,0.16666666666666666
NOR_13663,5,0,0.0
NOR_13664,5,0,0.0
NOR_13665,6,1,0.16666666666666666
NOR_13667,11,1,0.09090909090909091
NOR_13669,11,1,0.09090909090909091
NOR_13671,3,0,0.0
NOR_13672,9,4,0.4444444444444444
NOR_13675,12,0,0.0
NOR_13676,4,0,0.0
NOR_13677,6,2,0.3333333333333333
NOR_13679,4,4,1.0
NOR_13686,4,2,0.5
NOR_13688,3,0,0.0
NOR_13697,2,1,0.5
NOR_13700,3,0,0.0
NOR_13702,2,0,0.0
NOR_13706,11,1,0.09090909090909091
NOR_13707,1,1,1.0
NOR_13710,3,1,0.3333333333333333
NOR_13711,2,1,0.5
NOR_13712,2,0,0.0
NOR_13715,11,0,0.0
NOR_13716,2,0,0.0
NOR_13717,4,1,0.25
NOR_13718,2,0,0.0
NOR_13721,7,0,0.0
NOR_13722,7,1,0.14285714285714285
NOR_13723,8,0,0.0
NOR_13724,1,0,0.0
NOR_13725,3,0,0.0
NOR_13726,4,2,0.5
NOR_13728,2,0,0.0
NOR_13729,4,1,0.25
NOR_13730,2,1,0.5
NOR_13731,3,1,0.3333333333333333
NOR_13732,2,1,0.5
NOR_13733,3,0,0.0
NOR_13734,5,2,0.4
NOR_13737,2,1,0.5
NOR_13738,2,0,0.0
NOR_13739,7,1,0.14285714285714285
NOR_13740,2,1,0.5
NOR_13742,2,1,0.5
NOR_13747,3,2,0.6666666666666666
NOR_13748,6,1,0.16666666666666666
NOR_13750,9,0,0.0
NOR_13753,3,0,0.0
NOR_13754,5,0,0.0
NOR_13756,3,2,0.6666666666666666
NOR_13757,10,1,0.1
NOR_13762,11,0,0.0
NOR_13764,1,0,0.0
NOR_13768,3,1,0.3333333333333333
NOR_13770,5,1,0.2
NOR_13771,3,0,0.0
NOR_13772,5,2,0.4
NOR_13773,3,2,0.6666666666666666
NOR_13775,4,1,0.25
NOR_13778,7,0,0.0
NOR_13779,3,1,0.3333333333333333
NOR_13782,4,1,0.25
NOR_13783,2,2,1.0
NOR_13790,3,0,0.0
NOR_13791,4,0,0.0
NOR_13793,2,1,0.5
NOR_13794,7,0,0.0
NOR_13795,2,1,0.5
NOR_13796,4,2,0.5
NOR_13797,9,2,0.2222222222222222
NOR_13800,3,0,0.0
NOR_13804,1,0,0.0
NOR_13805,8,1,0.125
NOR_13806,1,0,0.0
NOR_13807,3,1,0.3333333333333333
NOR_13810,1,0,0.0
NOR_13811,2,1,0.5
NOR_13812,1,0,0.0
NOR_13813,6,2,0.3333333333333333
NOR_13814,4,0,0.0
NOR_13815,5,2,0.4
NOR_13820,1,1,1.0
NOR_13824,2,0,0.0
NOR_13825,3,0,0.0
NOR_13828,7,1,0.14285714285714285
NOR_13836,4,0,0.0
NOR_13837,6,0,0.0
NOR_13839,8,1,0.125
NOR_13842,5,2,0.4
NOR_13844,3,0,0.0
NOR_13847,1,1,1.0
NOR_13848,3,0,0.0
NOR_13849,2,1,0.5
NOR_13850,1,1,1.0
NOR_13852,1,1,1.0
NOR_13858,1,0,0.0
NOR_13859,9,0,0.0
NOR_13860,6,1,0.16666666666666666
NOR_13863,1,1,1.0
NOR_13864,3,0,0.0
NOR_13865,1,1,1.0
NOR_13874,5,1,0.2
NOR_13876,3,1,0.3333333333333333
NOR_13877,4,0,0.0
NOR_13878,6,0,0.0
NOR_13879,5,2,0.4
NOR_13881,10,1,0.1
NOR_13882,10,0,0.0
NOR_13883,8,1,0.125
NOR_13893,9,0,0.0
NOR_13894,8,3,0.375
NOR_13898,1,1,1.0
NOR_13900,5,0,0.0
NOR_13905,2,1,0.5
NOR_13911,12,1,0.08333333333333333
NOR_13912,1,0,0.0
NOR_13916,1,0,0.0
NOR_13917,13,2,0.15384615384615385
NOR_13918,3,0,0.0
NOR_13919,5,1,0.2
NOR_13920,3,0,0.0
NOR_13923,3,1,0.3333333333333333
NOR_13924,2,0,0.0
NOR_13930,2,0,0.0
NOR_13932,4,1,0.25
NOR_13934,8,4,0.5
NOR_13941,5,2,0.4
NOR_13944,2,1,0.5
NOR_13945,7,2,0.2857142857142857
NOR_13946,13,0,0.0
NOR_13956,2,0,0.0
NOR_13957,1,0,0.0
NOR_13959,8,1,0.125
NOR_13960,9,1,0.1111111111111111
NOR_13961,1,1,1.0
NOR_13962,1,0,0.0
NOR_13963,4,1,0.25
NOR_13964,8,1,0.125
NOR_13965,7,1,0.14285714285714285
NOR_13967,3,1,0.3333333333333333
NOR_13973,6,2,0.3333333333333333
NOR_13974,10,3,0.3
NOR_13975,1,1,1.0
NOR_13976,2,1,0.5
NOR_13977,2,1,0.5
NOR_13979,2,1,0.5
NOR_13980,5,2,0.4
NOR_13981,6,1,0.16666666666666666
NOR_13982,1,0,0.0
NOR_13983,10,1,0.1
NOR_13984,3,0,0.0
NOR_13985,12,1,0.08333333333333333
NOR_13986,1,0,0.0
NOR_13987,4,3,0.75
NOR_13988,9,0,0.0
NOR_13990,4,2,0.5
NOR_13992,2,0,0.0
NOR_13994,1,1,1.0
NOR_13996,1,0,0.0
NOR_13997,3,1,0.3333333333333333
NOR_13998,2,2,1.0
NOR_13999,3,1,0.3333333333333333
NOR_14000,1,0,0.0
NOR_14001,2,0,0.0
NOR_14002,7,4,0.5714285714285714
NOR_14013,10,2,0.2
NOR_14041,13,0,0.0
NOR_14051,1,0,0.0
NOR_14053,3,0,0.0
NOR_14058,2,1,0.5
NOR_14061,4,0,0.0
NOR_14074,9,1,0.1111111111111111
NOR_14080,8,2,0.25
NOR_14094,10,0,0.0
NOR_14095,11,1,0.09090909090909091
NOR_14099,1,1,1.0
NOR_14104,7,3,0.42857142857142855
NOR_14114,2,1,0.5
NOR_14117,7,1,0.14285714285714285
NOR_14129,4,1,0.25
NOR_14133,2,0,0.0
NOR_14138,1,0,0.0
NOR_14156,2,1,0.5
NOR_14161,8,0,0.0
NOR_14165,2,2,1.0
NOR_14171,3,0,0.0
NOR_14177,10,1,0.1
NOR_14180,3,1,0.3333333333333333
NOR_14197,5,3,0.6
NOR_14198,2,0,0.0
NOR_14203,1,0,0.0
NOR_14212,11,1,0.09090909090909091
NOR_14217,12,0,0.0
NOR_14238,2,0,0.0
NOR_14248,2,1,0.5
NOR_14257,4,2,0.5
NOR_14261,11,0,0.0
NOR_14270,13,0,0.0
NOR_14286,4,1,0.25
NOR_14294,3,1,0.3333333333333333
NOR_14339,6,2,0.3333333333333333
NOR_14350,2,2,1.0
NOR_14352,1,0,0.0
NOR_14357,5,1,0.2
NOR_15066,11,0,0.0
NOR_15068,10,0,0.0
NOR_15069,7,0,0.0
NOR_15081,4,2,0.5
NOR_15082,1,0,0.0
NOR_15107,7,0,0.0
NOR_15112,2,1,0.5
NOR_15113,1,0,0.0
NOR_15128,12,1,0.08333333333333333
NOR_15130,9,0,0.0
NOR_15144,3,1,0.3333333333333333
NOR_15147,11,0,0.0
NOR_15153,2,1,0.5
NOR_15155,2,1,0.5
NOR_15510,3,1,0.3333333333333333
NOR_15511,1,0,0.0
NOR_15518,5,2,0.4
NOR_15524,4,0,0.0
NOR_15525,2,0,0.0
NOR_15533,4,0,0.0
NOR_15538,1,0,0.0
NOR_15540,4,2,0.5
NOR_15542,8,0,0.0
NOR_15548,3,1,0.3333333333333333
NOR_15567,3,1,0.3333333333333333
NOR_15571,2,1,0.5
NOR_15582,9,1,0.1111111111111111
NOR_15587,12,2,0.16666666666666666
NOR_15628,12,2,0.16666666666666666
NOR_15643,2,2,1.0
NOR_15645,2,1,0.5
NOR_15647,9,1,0.1111111111111111
NOR_15649,3,1,0.3333333333333333
NOR_15654,5,1,0.2
NOR_15658,4,2,0.5
NOR_15660,4,2,0.5
NOR_15664,7,2,0.2857142857142857
NOR_15667,2,0,0.0
NOR_15668,3,1,0.3333333333333333
NOR_15676,4,1,0.25
NOR_15686,1,0,0.0
NOR_15722,5,0,0.0
NOR_15734,4,1,0.25
NOR_15746,4,4,1.0
NOR_15926,9,1,0.1111111111111111
NOR_15927,9,1,0.1111111111111111
NOR_15928,11,1,0.09090909090909091
NOR_15930,2,0,0.0
NOR_15935,8,1,0.125
NOR_15936,3,0,0.0
NOR_15958,2,0,0.0
NOR_15966,9,1,0.1111111111111111
NOR_15977,2,1,0.5
NOR_15994,13,0,0.0
NOR_15999,8,0,0.0
NOR_16016,5,1,0.2
NOR_16022,1,0,0.0
NOR_16025,12,0,0.0
NOR_16031,2,1,0.5
NOR_16034,12,2,0.16666666666666666
NOR_16035,2,1,0.5
NOR_16047,8,0,0.0
NOR_16048,12,2,0.16666666666666666
NOR_16061,12,0,0.0
NOR_16072,9,0,0.0
NOR_16084,3,0,0.0
NOR_16090,12,1,0.08333333333333333
NOR_16130,5,1,0.2
NOR_16150,9,3,0.3333333333333333
NOR_16162,1,1,1.0
NOR_16170,10,0,0.0
NOR_16171,12,0,0.0
NOR_16181,1,0,0.0
NOR_16184,1,1,1.0
NOR_16185,8,0,0.0
NOR_16186,9,1,0.1111111111111111
NOR_16189,10,2,0.2
NOR_16191,2,1,0.5
NOR_16204,3,2,0.6666666666666666
NOR_16209,2,1,0.5
NOR_16216,8,3,0.375
NOR_16217,1,0,0.0
NOR_16221,5,1,0.2
NOR_16223,2,1,0.5
NOR_16233,8,1,0.125
NOR_16249,10,1,0.1
NOR_16294,10,1,0.1
NOR_16295,10,0,0.0
NOR_16342,11,2,0.18181818181818182
NOR_16356,11,2,0.18181818181818182
NOR_16357,9,2,0.2222222222222222
NOR_16358,4,1,0.25
NOR_16359,6,2,0.3333333333333333
NOR_16360,5,1,0.2
NOR_16364,1,1,1.0
NOR_16366,5,1,0.2
NOR_16368,5,0,0.0
NOR_16369,1,0,0.0
NOR_16374,9,6,0.6666666666666666
NOR_16377,2,1,0.5
NOR_16378,8,1,0.125
NOR_16379,2,1,0.5
NOR_16383,6,2,0.3333333333333333
NOR_16385,3,1,0.3333333333333333
NOR_16387,9,3,0.3333333333333333
NOR_16390,4,2,0.5
NOR_16391,3,1,0.3333333333333333
NOR_16392,1,0,0.0
NOR_16394,10,3,0.3
NOR_16396,1,1,1.0
NOR_16398,2,2,1.0
NOR_16410,5,2,0.4
NOR_16411,2,1,0.5
NOR_16413,9,1,0.1111111111111111
NOR_16418,2,1,0.5
NOR_16419,1,0,0.0
NOR_16420,3,1,0.3333333333333333
NOR_16421,1,0,0.0
NOR_16423,1,0,0.0
NOR_16424,5,1,0.2
NOR_16425,4,1,0.25
NOR_16426,6,1,0.16666666666666666
NOR_16431,2,0,0.0
NOR_16443,4,0,0.0
NOR_16447,5,1,0.2
NOR_16449,2,1,0.5
NOR_16450,6,2,0.3333333333333333
NOR_16453,2,1,0.5
NOR_16461,8,0,0.0
NOR_16462,1,0,0.0
NOR_16463,3,2,0.6666666666666666
NOR_16464,7,2,0.2857142857142857
NOR_16465,1,0,0.0
NOR_16466,2,1,0.5
NOR_16473,4,2,0.5
NOR_16478,1,0,0.0
NOR_16484,9,2,0.2222222222222222
NOR_16487,7,2,0.2857142857142857
NOR_16492,5,0,0.0
NOR_16495,2,1,0.5
NOR_16497,2,1,0.5
NOR_17455,7,3,0.42857142857142855
NOR_17462,5,1,0.2
NOR_17519,4,3,0.75
NOR_17520,5,2,0.4
NOR_17540,2,1,0.5
NOR_17541,4,2,0.5
NOR_17548,4,0,0.0
NOR_17550,3,2,0.6666666666666666
NOR_17551,2,1,0.5
NOR_17568,2,0,0.0
NOR_17577,5,1,0.2
NOR_17587,12,0,0.0
NOR_17588,1,0,0.0
NOR_17589,2,1,0.5
NOR_17590,1,1,1.0
NOR_17615,5,0,0.0
NOR_17634,1,0,0.0
NOR_17642,3,0,0.0
NOR_17691,4,0,0.0
NOR_17695,5,3,0.6
NOR_17699,2,1,0.5
NOR_17712,7,0,0.0
NOR_17716,9,1,0.1111111111111111
NOR_17729,6,0,0.0
NOR_17736,2,0,0.0
NOR_17738,8,3,0.375
NOR_17743,4,0,0.0
NOR_17750,1,0,0.0
NOR_17751,3,2,0.6666666666666666
NOR_17752,1,1,1.0
NOR_17756,2,0,0.0
NOR_17761,10,2,0.2
NOR_17770,13,1,0.07692307692307693
NOR_17781,2,1,0.5
NOR_17782,3,1,0.3333333333333333
NOR_17790,6,0,0.0
NOR_17796,6,2,0.3333333333333333
NOR_17799,4,1,0.25
NOR_17807,4,2,0.5
NOR_17808,6,0,0.0
NOR_17809,6,3,0.5
NOR_17820,3,1,0.3333333333333333
NOR_17829,4,2,0.5
NOR_17836,4,0,0.0
NOR_17840,4,2,0.5
NOR_17847,9,1,0.1111111111111111
NOR_17857,3,0,0.0
NOR_17858,13,0,0.0
NOR_17865,6,0,0.0
NOR_17885,8,1,0.125
NOR_17902,9,1,0.1111111111111111
NOR_17907,7,1,0.14285714285714285
NOR_17925,2,1,0.5
NOR_17952,4,2,0.5
NOR_17964,5,1,0.2
NOR_17980,2,1,0.5
NOR_17995,1,1,1.0
NOR_18033,6,1,0.16666666666666666
NOR_18039,5,0,0.0
NOR_18042,4,0,0.0
NOR_18087,5,0,0.0
NOR_18114,5,0,0.0
NOR_18118,9,1,0.1111111111111111
NOR_18136,2,1,0.5
NOR_18151,2,1,0.5
NOR_18157,9,0,0.0
NOR_18169,11,0,0.0
NOR_18190,6,3,0.5
NOR_18193,7,2,0.2857142857142857
NOR_18194,3,0,0.0
NOR_18216,8,0,0.0
NOR_18237,2,0,0.0
NOR_18239,4,1,0.25
NOR_18240,1,0,0.0
NOR_18241,1,0,0.0
NOR_18242,3,0,0.0
NOR_18244,2,1,0.5
NOR_18245,6,2,0.3333333333333333
NOR_18247,2,1,0.5
NOR_18256,5,2,0.4
NOR_18257,1,0,0.0
NOR_18258,3,1,0.3333333333333333
NOR_18259,4,2,0.5
NOR_18260,7,2,0.2857142857142857
NOR_18261,1,0,0.0
NOR_18270,8,0,0.0
NOR_18276,5,0,0.0
NOR_18279,1,0,0.0
NOR_18280,6,0,0.0
NOR_18292,10,2,0.2
NOR_18313,7,0,0.0
NOR_18335,4,0,0.0
NOR_18356,10,1,0.1
NOR_18357,6,2,0.3333333333333333
NOR_18372,4,1,0.25
NOR_18374,13,0,0.0
NOR_18376,2,0,0.0
NOR_18381,2,0,0.0
NOR_18395,2,2,1.0
NOR_18396,11,0,0.0
NOR_18421,9,4,0.4444444444444444
NOR_18434,8,1,0.125
NOR_18435,13,0,0.0
NOR_18446,11,0,0.0
NOR_18454,8,0,0.0
NOR_18456,1,0,0.0
NOR_18457,1,1,1.0
NOR_18471,4,2,0.5
NOR_18482,2,1,0.5
NOR_18484,4,2,0.5
NOR_18485,4,0,0.0
NOR_18490,5,2,0.4
NOR_18501,13,0,0.0
NOR_18512,2,0,0.0
NOR_18513,1,0,0.0
NOR_18530,13,0,0.0
NOR_18535,3,0,0.0
NOR_18550,7,1,0.14285714285714285
NOR_18552,1,0,0.0
NOR_18558,2,1,0.5
NOR_18559,2,1,0.5
NOR_18567,2,0,0.0
NOR_18579,2,0,0.0
NOR_18580,6,0,0.0
NOR_18588,6,0,0.0
NOR_18593,13,2,0.15384615384615385
NOR_18599,7,1,0.14285714285714285
NOR_18605,8,2,0.25
NOR_18612,6,1,0.16666666666666666
NOR_18622,2,1,0.5
NOR_18649,2,0,0.0
NOR_18740,6,0,0.0
NOR_18758,4,2,0.5
NOR_18764,7,3,0.42857142857142855
NOR_18765,5,2,0.4
NOR_18766,4,1,0.25
NOR_18768,9,0,0.0
NOR_18793,12,0,0.0
NOR_18809,6,1,0.16666666666666666
NOR_18811,1,0,0.0
NOR_18824,5,1,0.2
NOR_18825,10,0,0.0
NOR_18838,2,0,0.0
NOR_18861,1,0,0.0
NOR_18863,4,2,0.5
NOR_19990,1,0,0.0
NOR_20018,4,1,0.25
NOR_20025,4,1,0.25
NOR_20056,1,0,0.0
NOR_20057,8,0,0.0
NOR_20084,7,1,0.14285714285714285
NOR_20093,10,1,0.1
NOR_20120,6,0,0.0
NOR_20122,12,1,0.08333333333333333
NOR_20155,2,2,1.0
NOR_20161,9,2,0.2222222222222222
NOR_20166,2,1,0.5
NOR_20239,1,1,1.0
NOR_20257,5,2,0.4
NOR_20264,9,0,0.0
NOR_20268,6,1,0.16666666666666666
NOR_20281,1,0,0.0
NOR_20340,1,0,0.0
NOR_20360,7,1,0.14285714285714285
NOR_20370,10,1,0.1
NOR_20437,5,1,0.2
NOR_20443,8,0,0.0
NOR_20449,1,1,1.0
NOR_20450,5,2,0.4
NOR_20522,2,1,0.5
NOR_20571,2,1,0.5
NOR_20624,1,0,0.0
NOR_20744,13,1,0.07692307692307693
NOR_20751,1,1,1.0
NOR_20765,2,1,0.5
NOR_20804,7,1,0.14285714285714285
NOR_20825,1,0,0.0
NOR_20839,3,1,0.3333333333333333
NOR_20851,1,1,1.0
NOR_20907,1,0,0.0
NOR_20908,3,1,0.3333333333333333
NOR_20928,1,1,1.0
NOR_20975,1,0,0.0
NOR_20977,3,2,0.6666666666666666
NOR_21002,1,1,1.0
NOR_21021,2,1,0.5
NOR_21036,1,1,1.0
NOR_21063,13,0,0.0
NOR_21066,5,1,0.2
NOR_21156,2,1,0.5
NOR_21161,1,0,0.0
NOR_21232,1,1,1.0
NOR_21267,2,1,0.5
NOR_21299,5,0,0.0
NOR_21322,4,2,0.5
NOR_21334,2,2,1.0
NOR_21340,4,3,0.75
NOR_21355,11,0,0.0
NOR_21366,12,1,0.08333333333333333
NOR_21377,1,0,0.0
NOR_21379,2,0,0.0
NOR_21400,5,0,0.0
NOR_21409,4,1,0.25
NOR_21433,6,1,0.16666666666666666
NOR_21435,6,2,0.3333333333333333
NOR_21455,1,0,0.0
NOR_21462,1,0,0.0
NOR_21467,6,1,0.16666666666666666
NOR_21559,1,0,0.0
NOR_21560,3,0,0.0
NOR_21561,6,2,0.3333333333333333
NOR_21564,7,2,0.2857142857142857
NOR_21565,5,1,0.2
NOR_21566,10,1,0.1
NOR_21567,6,0,0.0
NOR_21568,5,0,0.0
NOR_21569,12,4,0.3333333333333333
NOR_21570,6,0,0.0
NOR_21571,12,1,0.08333333333333333
NOR_21572,11,0,0.0
NOR_21575,9,0,0.0
NOR_21585,3,0,0.0
NOR_21586,2,0,0.0
NOR_21587,2,0,0.0
NOR_21588,9,0,0.0
NOR_22702,6,1,0.16666666666666666
NOR_22721,3,2,0.6666666666666666
NOR_22754,8,0,0.0
NOR_22809,3,0,0.0
NOR_22823,11,2,0.18181818181818182
NOR_22832,10,2,0.2
NOR_22850,6,0,0.0
NOR_22852,13,0,0.0
NOR_22853,2,0,0.0
NOR_22854,3,1,0.3333333333333333
NOR_22855,3,0,0.0
NOR_23002,2,0,0.0
NOR_23016,11,2,0.18181818181818182
NOR_23061,9,1,0.1111111111111111
NOR_23062,11,0,0.0
NOR_23063,3,0,0.0
NOR_23064,11,1,0.09090909090909091
NOR_23065,8,1,0.125
NOR_23066,8,2,0.25
NOR_23067,3,0,0.0
NOR_23068,10,0,0.0
NOR_23069,10,1,0.1
NOR_23070,9,1,0.1111111111111111
NOR_23071,8,2,0.25
NOR_23072,4,1,0.25
NOR_23073,4,1,0.25
NOR_23075,8,1,0.125
NOR_23077,10,1,0.1
NOR_23078,2,0,0.0
NOR_23080,13,0,0.0
NOR_23081,10,2,0.2
NOR_23082,8,1,0.125
NOR_23083,4,1,0.25
NOR_23084,11,0,0.0
NOR_23085,4,2,0.5
NOR_23086,3,1,0.3333333333333333
NOR_23087,8,3,0.375
NOR_23088,2,0,0.0
NOR_23089,2,0,0.0
NOR_23090,11,1,0.09090909090909091
NOR_23091,8,2,0.25
NOR_23092,11,1,0.09090909090909091
NOR_23093,5,2,0.4
NOR_23179,4,1,0.25
NOR_23181,4,0,0.0
NOR_23184,11,2,0.18181818181818182
NOR_23248,1,1,1.0
NOR_23250,6,0,0.0
NOR_23251,9,0,0.0
NOR_23252,5,0,0.0
NOR_23254,13,0,0.0
NOR_23255,13,0,0.0
NOR_23257,13,1,0.07692307692307693
NOR_23258,13,2,0.15384615384615385
NOR_23260,5,0,0.0
NOR_23261,13,0,0.0
NOR_23263,13,1,0.07692307692307693
NOR_23265,10,1,0.1
NOR_23266,11,0,0.0
NOR_23268,11,1,0.09090909090909091
NOR_23270,13,0,0.0
NOR_23271,8,2,0.25
NOR_23274,8,2,0.25
NOR_23275,12,0,0.0
NOR_23277,10,0,0.0
NOR_23278,13,0,0.0
NOR_23280,12,0,0.0
NOR_23281,12,0,0.0
NOR_23282,13,0,0.0
NOR_23284,12,0,0.0
NOR_23285,11,2,0.18181818181818182
NOR_23286,13,2,0.15384615384615385
NOR_23287,8,1,0.125
NOR_23289,12,1,0.08333333333333333
NOR_23290,11,0,0.0
NOR_23291,12,1,0.08333333333333333
NOR_23295,13,0,0.0
NOR_23299,9,0,0.0
NOR_23300,13,1,0.07692307692307693
NOR_23301,8,2,0.25
NOR_23303,10,0,0.0
NOR_23305,13,0,0.0
NOR_23306,13,1,0.07692307692307693
NOR_23307,8,1,0.125
NOR_23308,13,0,0.0
NOR_23310,13,0,0.0
NOR_23311,5,1,0.2
NOR_23313,11,0,0.0
NOR_23314,3,0,0.0
NOR_23315,13,1,0.07692307692307693
NOR_23316,7,0,0.0
NOR_23317,12,2,0.16666666666666666
NOR_23318,13,0,0.0
NOR_23319,10,3,0.3
NOR_23322,11,2,0.18181818181818182
NOR_23323,12,2,0.16666666666666666
NOR_23324,10,0,0.0
NOR_23325,11,0,0.0
NOR_23327,6,1,0.16666666666666666
NOR_23330,13,0,0.0
NOR_23331,8,1,0.125
NOR_23334,11,0,0.0
NOR_23335,4,0,0.0
NOR_23336,9,0,0.0
NOR_23341,8,2,0.25
NOR_23343,7,0,0.0
NOR_23345,13,0,0.0
NOR_23346,9,0,0.0
NOR_23347,7,1,0.14285714285714285
NOR_23348,13,1,0.07692307692307693
NOR_23351,9,2,0.2222222222222222
NOR_23352,11,0,0.0
NOR_23412,3,1,0.3333333333333333
NOR_23422,10,1,0.1
NOR_23484,1,0,0.0
NOR_23504,1,0,0.0
NOR_23508,3,0,0.0
NOR_23516,8,2,0.25
NOR_23517,9,0,0.0
NOR_23518,11,0,0.0
NOR_23519,13,1,0.07692307692307693
NOR_23520,10,0,0.0
NOR_23521,11,0,0.0
NOR_23522,7,1,0.14285714285714285
NOR_23523,4,1,0.25
NOR_23524,7,2,0.2857142857142857
NOR_23525,3,1,0.3333333333333333
NOR_23526,8,2,0.25
NOR_23527,4,1,0.25
NOR_23528,10,2,0.2
NOR_23529,8,1,0.125
NOR_23530,6,1,0.16666666666666666
NOR_23531,4,1,0.25
NOR_23532,10,0,0.0
NOR_23533,9,0,0.0
NOR_23534,2,0,0.0
NOR_23536,11,1,0.09090909090909091
NOR_23537,10,1,0.1
NOR_23647,2,0,0.0
NOR_23655,5,0,0.0
NOR_23670,1,0,0.0
NOR_23680,2,0,0.0
NOR_24744,3,2,0.6666666666666666
NOR_24772,5,1,0.2
NOR_24817,1,0,0.0
NOR_24820,8,1,0.125
NOR_24853,5,0,0.0
NOR_24854,5,1,0.2
NOR_24868,4,1,0.25
NOR_24918,2,0,0.0
NOR_24919,8,1,0.125
NOR_24932,9,2,0.2222222222222222
NOR_24952,11,1,0.09090909090909091
NOR_25089,13,0,0.0
NOR_25094,1,0,0.0
NOR_25627,10,0,0.0
NOR_25648,3,1,0.3333333333333333
NOR_25684,10,3,0.3
NOR_25685,9,2,0.2222222222222222
NOR_25686,2,0,0.0
NOR_25687,1,0,0.0
NOR_25691,7,0,0.0
NOR_25692,4,1,0.25
NOR_25694,4,1,0.25
NOR_25695,11,1,0.09090909090909091
NOR_25696,1,0,0.0
NOR_25697,10,1,0.1
NOR_25698,12,1,0.08333333333333333
NOR_25793,1,1,1.0
NOR_25833,1,1,1.0
NOR_25903,1,0,0.0
NOR_25919,2,1,0.5
NOR_26892,13,0,0.0
NOR_26900,7,1,0.14285714285714285
NOR_26964,1,0,0.0
NOR_27711,9,0,0.0
NOR_27738,1,0,0.0
NOR_27739,6,1,0.16666666666666666
NOR_27862,5,2,0.4
NOR_27970,1,0,0.0
NOR_28045,13,1,0.07692307692307693
NOR_28046,12,1,0.08333333333333333
NOR_28056,4,2,0.5
NOR_28077,12,0,0.0
NOR_28123,9,3,0.3333333333333333
NOR_28126,2,1,0.5
NOR_28127,9,0,0.0
NOR_28129,1,0,0.0
NOR_28131,4,0,0.0
NOR_28132,1,0,0.0
NOR_28133,1,0,0.0
NOR_28140,1,1,1.0
NOR_28141,2,1,0.5
NOR_28142,8,0,0.0
NOR_28143,7,2,0.2857142857142857
NOR_28144,2,1,0.5
NOR_28145,5,0,0.0
NOR_28149,1,0,0.0
NOR_28151,2,0,0.0
NOR_28153,7,2,0.2857142857142857
NOR_28156,1,1,1.0
NOR_28160,1,0,0.0
NOR_28163,1,0,0.0
NOR_28164,2,1,0.5
NOR_28166,3,1,0.3333333333333333
NOR_28176,1,0,0.0
NOR_28181,2,1,0.5
NOR_28182,2,1,0.5
NOR_28183,1,0,0.0
NOR_28187,8,1,0.125
NOR_28189,3,1,0.3333333333333333
NOR_28191,1,1,1.0
NOR_28192,1,1,1.0
NOR_28193,3,1,0.3333333333333333
NOR_28194,2,0,0.0
NOR_28197,4,1,0.25
NOR_28198,1,0,0.0
NOR_28200,3,2,0.6666666666666666
NOR_28203,2,0,0.0
NOR_28206,1,1,1.0
NOR_28209,5,1,0.2
NOR_28210,1,1,1.0
NOR_28213,11,0,0.0
NOR_28214,2,1,0.5
NOR_28222,1,0,0.0
NOR_28223,4,1,0.25
NOR_28234,1,0,0.0
NOR_28250,4,0,0.0
NOR_28251,6,0,0.0
NOR_28264,2,1,0.5
NOR_28268,6,0,0.0
NOR_28297,1,0,0.0
NOR_28300,1,0,0.0
SWE_02055,8,1,0.125
SWE_02381,1,0,0.0
SWE_02428,2,1,0.5
SWE_02686,13,0,0.0
SWE_02687,6,3,0.5
SWE_02697,10,0,0.0
SWE_02721,3,0,0.0
SWE_02826,3,1,0.3333333333333333
SWE_02857,4,2,0.5
SWE_02858,4,1,0.25
SWE_02934,4,2,0.5
SWE_02935,2,1,0.5
SWE_02952,4,2,0.5
SWE_02985,1,0,0.0
SWE_02986,5,3,0.6
SWE_03020,9,1,0.1111111111111111
SWE_03141,2,0,0.0
SWE_03448,4,1,0.25
SWE_03517,6,2,0.3333333333333333
SWE_03615,10,3,0.3
SWE_03645,5,1,0.2
SWE_03653,3,1,0.3333333333333333
SWE_03654,1,0,0.0
SWE_03656,5,2,0.4
SWE_03803,3,1,0.3333333333333333
SWE_03933,5,3,0.6
SWE_04005,8,0,0.0
SWE_04006,13,1,0.07692307692307693
SWE_04020,4,0,0.0
SWE_04021,1,0,0.0
SWE_04029,2,1,0.5
SWE_04033,8,2,0.25
SWE_04059,12,0,0.0
SWE_04101,8,2,0.25
SWE_04103,2,1,0.5
SWE_04227,2,1,0.5
SWE_04273,5,2,0.4
SWE_04287,2,1,0.5
SWE_04314,1,0,0.0
SWE_04335,6,2,0.3333333333333333
SWE_04336,9,3,0.3333333333333333
SWE_04337,8,1,0.125
SWE_04340,3,1,0.3333333333333333
SWE_04373,3,0,0.0
SWE_04422,7,2,0.2857142857142857
SWE_04423,11,1,0.09090909090909091
SWE_04471,1,0,0.0
SWE_04472,3,1,0.3333333333333333
SWE_04574,9,3,0.3333333333333333
SWE_04575,12,4,0.3333333333333333
SWE_04584,6,1,0.16666666666666666
SWE_04586,3,1,0.3333333333333333
SWE_04879,6,2,0.3333333333333333
SWE_04971,3,2,0.6666666666666666
SWE_04975,3,0,0.0
SWE_04976,5,1,0.2
SWE_05473,3,1,0.3333333333333333
SWE_05477,4,2,0.5
SWE_05527,9,1,0.1111111111111111
SWE_05635,7,4,0.5714285714285714
SWE_05779,4,1,0.25
SWE_05780,3,1,0.3333333333333333
SWE_05840,3,1,0.3333333333333333
SWE_05841,3,1,0.3333333333333333
SWE_05929,6,2,0.3333333333333333
SWE_06308,3,1,0.3333333333333333
SWE_06314,9,1,0.1111111111111111
SWE_06315,5,1,0.2
SWE_06316,6,1,0.16666666666666666
SWE_06411,2,2,1.0
SWE_06511,2,0,0.0
SWE_06558,2,1,0.5
SWE_06653,2,1,0.5
SWE_06654,3,1,0.3333333333333333
SWE_06736,8,2,0.25
SWE_06737,10,2,0.2
SWE_06738,7,1,0.14285714285714285
SWE_06739,8,2,0.25
SWE_06740,4,1,0.25
SWE_06741,4,2,0.5
SWE_06759,9,0,0.0
SWE_06814,1,0,0.0
SWE_06823,7,1,0.14285714285714285
SWE_07226,7,1,0.14285714285714285
SWE_07301,8,1,0.125
SWE_07371,11,1,0.09090909090909091
SWE_07476,1,1,1.0
SWE_07706,10,0,0.0
SWE_07767,7,0,0.0
SWE_07775,11,4,0.36363636363636365
SWE_07776,9,0,0.0
SWE_07792,7,2,0.2857142857142857
SWE_07797,4,1,0.25
SWE_07800,11,2,0.18181818181818182
SWE_07801,4,1,0.25
SWE_07802,7,2,0.2857142857142857
SWE_07804,6,0,0.0
SWE_07810,3,0,0.0
SWE_07825,6,0,0.0
SWE_07826,5,1,0.2
SWE_07827,9,4,0.4444444444444444
SWE_07829,6,1,0.16666666666666666
SWE_07830,11,3,0.2727272727272727
SWE_07839,8,0,0.0
SWE_07843,6,1,0.16666666666666666
SWE_07844,6,3,0.5
SWE_07845,2,0,0.0
SWE_07847,9,1,0.1111111111111111
SWE_07851,8,0,0.0
SWE_07852,9,1,0.1111111111111111
SWE_07853,7,3,0.42857142857142855
SWE_07862,12,3,0.25
SWE_07867,4,2,0.5
SWE_07868,3,0,0.0
SWE_07869,7,4,0.5714285714285714
SWE_08149,4,2,0.5
SWE_09325,8,3,0.375
SWE_09502,10,2,0.2
SWE_09769,7,2,0.2857142857142857
SWE_09843,13,0,0.0
SWE_10085,6,2,0.3333333333333333
SWE_10087,3,1,0.3333333333333333
SWE_10088,7,0,0.0
SWE_10089,7,2,0.2857142857142857
SWE_10091,4,1,0.25
SWE_10111,2,0,0.0
SWE_10115,5,1,0.2
SWE_10116,2,0,0.0
SWE_11728,5,3,0.6
SWE_11733,2,1,0.5
SWE_11735,8,0,0.0
SWE_11737,4,1,0.25
SWE_11740,1,1,1.0
SWE_11749,3,1,0.3333333333333333
SWE_11750,4,2,0.5
SWE_11752,5,2,0.4
SWE_11753,6,1,0.16666666666666666
SWE_11757,3,1,0.3333333333333333
SWE_11810,11,0,0.0
SWE_13150,8,0,0.0
SWE_13152,12,0,0.0
SWE_13473,8,1,0.125
SWE_14012,9,1,0.1111111111111111
SWE_14030,10,0,0.0
SWE_14237,10,0,0.0
SWE_14276,3,2,0.6666666666666666
SWE_14278,7,1,0.14285714285714285
SWE_14279,4,0,0.0
SWE_14280,4,2,0.5
SWE_14282,7,1,0.14285714285714285
SWE_14285,4,1,0.25
SWE_14376,10,3,0.3
SWE_14379,8,0,0.0
SWE_14381,2,1,0.5
SWE_14383,2,1,0.5
SWE_14386,3,1,0.3333333333333333
SWE_14394,3,1,0.3333333333333333
SWE_14395,1,0,0.0
SWE_14397,3,3,1.0
SWE_14398,5,3,0.6
SWE_14401,2,1,0.5
SWE_14403,7,2,0.2857142857142857
SWE_14405,2,1,0.5
SWE_14406,5,3,0.6
SWE_14407,8,4,0.5
SWE_14408,2,1,0.5
SWE_14410,2,0,0.0
SWE_14412,1,1,1.0
SWE_14413,1,1,1.0
SWE_14415,2,2,1.0
SWE_14419,2,1,0.5
SWE_14420,1,1,1.0
SWE_14421,7,6,0.8571428571428571
SWE_14422,3,0,0.0
SWE_14428,3,1,0.3333333333333333
SWE_14435,2,2,1.0
SWE_14439,1,1,1.0
SWE_14443,2,2,1.0
SWE_14445,5,2,0.4
SWE_14446,3,2,0.6666666666666666
SWE_14448,3,1,0.3333333333333333
SWE_14449,3,0,0.0
SWE_14451,2,1,0.5
SWE_14453,6,2,0.3333333333333333
SWE_14459,5,2,0.4
SWE_14461,2,0,0.0
SWE_14464,4,0,0.0
SWE_14467,2,0,0.0
SWE_14472,1,1,1.0
SWE_14473,5,0,0.0
SWE_14474,4,2,0.5
SWE_14480,3,1,0.3333333333333333
SWE_14484,8,1,0.125
SWE_14487,8,0,0.0
SWE_14488,4,3,0.75
SWE_14489,11,2,0.18181818181818182
SWE_14493,2,2,1.0
SWE_14494,6,1,0.16666666666666666
SWE_14495,2,2,1.0
SWE_14496,2,1,0.5
SWE_14500,2,1,0.5
SWE_14501,2,1,0.5
SWE_14502,2,1,0.5
SWE_14505,4,2,0.5
SWE_14506,1,0,0.0
SWE_14513,2,1,0.5
SWE_14515,3,1,0.3333333333333333
SWE_14516,3,1,0.3333333333333333
SWE_14518,2,2,1.0
SWE_14520,5,0,0.0
SWE_14521,6,2,0.3333333333333333
SWE_14523,3,2,0.6666666666666666
SWE_14524,5,2,0.4
SWE_14526,4,1,0.25
SWE_14528,6,4,0.6666666666666666
SWE_14529,1,0,0.0
SWE_14530,10,3,0.3
SWE_14532,6,1,0.16666666666666666
SWE_14534,5,2,0.4
SWE_14535,2,2,1.0
SWE_14536,2,1,0.5
SWE_14538,1,0,0.0
SWE_14539,4,1,0.25
SWE_14541,5,1,0.2
SWE_14548,8,0,0.0
SWE_14549,2,0,0.0
SWE_14552,4,1,0.25
SWE_14553,2,1,0.5
SWE_14557,2,1,0.5
SWE_14558,3,1,0.3333333333333333
SWE_14560,2,0,0.0
SWE_14563,5,4,0.8
SWE_14565,9,3,0.3333333333333333
SWE_14567,7,2,0.2857142857142857
SWE_14573,6,4,0.6666666666666666
SWE_14574,2,0,0.0
SWE_14575,8,2,0.25
SWE_14578,8,4,0.5
SWE_14586,3,1,0.3333333333333333
SWE_14587,3,1,0.3333333333333333
SWE_14592,5,1,0.2
SWE_14593,1,0,0.0
SWE_14595,2,1,0.5
SWE_14597,2,0,0.0
SWE_14599,6,4,0.6666666666666666
SWE_14602,1,0,0.0
SWE_14605,2,1,0.5
SWE_14606,5,0,0.0
SWE_14608,2,1,0.5
SWE_14611,11,3,0.2727272727272727
SWE_14613,1,1,1.0
SWE_14614,2,1,0.5
SWE_14618,4,0,0.0
SWE_14619,1,0,0.0
SWE_14622,6,3,0.5
SWE_14623,1,0,0.0
SWE_14627,9,2,0.2222222222222222
SWE_14629,2,1,0.5
SWE_14630,1,0,0.0
SWE_14634,3,1,0.3333333333333333
SWE_14636,6,4,0.6666666666666666
SWE_14643,9,4,0.4444444444444444
SWE_14644,3,0,0.0
SWE_14647,5,2,0.4
SWE_14648,6,3,0.5
SWE_14649,3,2,0.6666666666666666
SWE_14650,9,3,0.3333333333333333
SWE_14651,5,2,0.4
SWE_14652,6,0,0.0
SWE_14654,1,0,0.0
SWE_14655,7,2,0.2857142857142857
SWE_14656,1,0,0.0
SWE_14657,1,1,1.0
SWE_14658,6,1,0.16666666666666666
SWE_14660,8,5,0.625
SWE_14664,1,0,0.0
SWE_14665,6,5,0.8333333333333334
SWE_14669,2,2,1.0
SWE_14670,2,1,0.5
SWE_14671,2,0,0.0
SWE_14673,1,1,1.0
SWE_14674,1,0,0.0
SWE_14676,3,2,0.6666666666666666
SWE_14677,2,1,0.5
SWE_14678,1,1,1.0
SWE_14679,5,2,0.4
SWE_14680,1,0,0.0
SWE_14681,5,1,0.2
SWE_14687,1,0,0.0
SWE_14693,4,2,0.5
SWE_14696,2,1,0.5
SWE_14697,5,3,0.6
SWE_14699,2,1,0.5
SWE_14705,5,4,0.8
SWE_14706,2,2,1.0
SWE_14708,4,2,0.5
SWE_14709,3,1,0.3333333333333333
SWE_14710,13,2,0.15384615384615385
SWE_14722,3,2,0.6666666666666666
SWE_14723,5,4,0.8
SWE_14725,3,2,0.6666666666666666
SWE_14727,5,1,0.2
SWE_14732,2,1,0.5
SWE_14734,2,1,0.5
SWE_14735,4,1,0.25
SWE_14740,3,2,0.6666666666666666
SWE_14743,1,1,1.0
SWE_14745,1,1,1.0
SWE_14749,3,2,0.6666666666666666
SWE_14752,5,1,0.2
SWE_14754,1,0,0.0
SWE_14757,4,2,0.5
SWE_14758,2,1,0.5
SWE_14766,4,2,0.5
SWE_14767,1,1,1.0
SWE_14768,6,3,0.5
SWE_14770,1,1,1.0
SWE_14774,2,1,0.5
SWE_14775,4,2,0.5
SWE_14777,2,1,0.5
SWE_14785,2,1,0.5
SWE_14786,3,2,0.6666666666666666
SWE_14787,1,1,1.0
SWE_14789,4,2,0.5
SWE_14793,1,0,0.0
SWE_14795,13,0,0.0
SWE_14796,1,1,1.0
SWE_14798,3,0,0.0
SWE_14799,1,0,0.0
SWE_14801,1,1,1.0
SWE_14805,2,1,0.5
SWE_14807,7,1,0.14285714285714285
SWE_14809,12,1,0.08333333333333333
SWE_14815,4,2,0.5
SWE_14816,1,0,0.0
SWE_14817,8,2,0.25
SWE_14818,1,1,1.0
SWE_14820,2,2,1.0
SWE_14822,2,0,0.0
SWE_14823,13,0,0.0
SWE_14824,2,2,1.0
SWE_14825,5,2,0.4
SWE_14830,2,0,0.0
SWE_14832,3,2,0.6666666666666666
SWE_14833,2,0,0.0
SWE_14836,4,3,0.75
SWE_14841,5,0,0.0
SWE_14846,9,1,0.1111111111111111
SWE_14848,1,1,1.0
SWE_14849,2,1,0.5
SWE_14851,1,0,0.0
SWE_14853,4,2,0.5
SWE_14855,2,1,0.5
SWE_14856,4,1,0.25
SWE_14857,2,1,0.5
SWE_14860,2,1,0.5
SWE_14862,6,3,0.5
SWE_14863,1,0,0.0
SWE_14864,6,0,0.0
SWE_14865,5,2,0.4
SWE_14866,2,1,0.5
SWE_14869,1,1,1.0
SWE_14870,1,0,0.0
SWE_14871,5,1,0.2
SWE_14872,2,1,0.5
SWE_14875,2,1,0.5
SWE_14879,6,3,0.5
SWE_14881,1,0,0.0
SWE_14883,5,1,0.2
SWE_14884,2,0,0.0
SWE_14886,2,0,0.0
SWE_14887,7,4,0.5714285714285714
SWE_14888,1,1,1.0
SWE_14889,3,1,0.3333333333333333
SWE_14891,2,0,0.0
SWE_14895,3,1,0.3333333333333333
SWE_14900,7,3,0.42857142857142855
SWE_14904,2,2,1.0
SWE_14906,3,1,0.3333333333333333
SWE_14907,1,1,1.0
SWE_14908,2,0,0.0
SWE_14910,4,1,0.25
SWE_14915,2,1,0.5
SWE_14917,6,1,0.16666666666666666
SWE_14921,1,0,0.0
SWE_14922,7,4,0.5714285714285714
SWE_14924,1,0,0.0
SWE_14926,8,0,0.0
SWE_14929,4,2,0.5
SWE_14930,6,3,0.5
SWE_14933,8,1,0.125
SWE_14936,4,3,0.75
SWE_14937,13,0,0.0
SWE_14938,3,1,0.3333333333333333
SWE_14939,2,2,1.0
SWE_14943,8,0,0.0
SWE_14944,2,1,0.5
SWE_14947,2,1,0.5
SWE_14948,3,1,0.3333333333333333
SWE_14949,4,2,0.5
SWE_14951,9,1,0.1111111111111111
SWE_14952,2,1,0.5
SWE_14955,5,3,0.6
SWE_14956,2,1,0.5
SWE_14958,1,1,1.0
SWE_14963,3,2,0.6666666666666666
SWE_14968,2,1,0.5
SWE_14971,1,1,1.0
SWE_14977,6,1,0.16666666666666666
SWE_14978,2,1,0.5
SWE_14983,3,1,0.3333333333333333
SWE_14984,3,1,0.3333333333333333
SWE_14985,2,1,0.5
SWE_14987,6,1,0.16666666666666666
SWE_14988,8,3,0.375
SWE_14991,2,1,0.5
SWE_14993,2,0,0.0
SWE_14994,7,4,0.5714285714285714
SWE_14995,5,2,0.4
SWE_14996,7,3,0.42857142857142855
SWE_14997,1,0,0.0
SWE_15000,2,1,0.5
SWE_15004,3,2,0.6666666666666666
SWE_15008,2,1,0.5
SWE_15009,2,1,0.5
SWE_15010,3,1,0.3333333333333333
SWE_15012,1,1,1.0
SWE_15013,2,1,0.5
SWE_15017,1,0,0.0
SWE_15020,2,1,0.5
SWE_15022,5,1,0.2
SWE_15027,5,2,0.4
SWE_15029,1,0,0.0
SWE_15030,9,7,0.7777777777777778
SWE_15033,4,2,0.5
SWE_15037,2,1,0.5
SWE_15039,6,2,0.3333333333333333
SWE_15040,7,2,0.2857142857142857
SWE_15043,9,6,0.6666666666666666
SWE_15045,11,2,0.18181818181818182
SWE_15047,2,1,0.5
SWE_15049,1,1,1.0
SWE_15050,2,1,0.5
SWE_15051,6,3,0.5
SWE_15052,3,0,0.0
SWE_15070,1,0,0.0
SWE_15084,3,1,0.3333333333333333
SWE_15086,2,1,0.5
SWE_15087,5,4,0.8
SWE_15088,1,0,0.0
SWE_15089,4,1,0.25
SWE_15090,1,0,0.0
SWE_15110,3,0,0.0
SWE_15134,8,1,0.125
SWE_15136,10,2,0.2
SWE_15160,3,1,0.3333333333333333
SWE_15162,2,0,0.0
SWE_15163,7,0,0.0
SWE_15166,3,0,0.0
SWE_15168,3,0,0.0
SWE_15171,7,1,0.14285714285714285
SWE_15173,6,3,0.5
SWE_15174,2,0,0.0
SWE_15176,4,1,0.25
SWE_15178,6,4,0.6666666666666666
SWE_15179,8,2,0.25
SWE_15180,7,4,0.5714285714285714
SWE_15181,2,1,0.5
SWE_15185,3,0,0.0
SWE_15188,1,0,0.0
SWE_15189,5,2,0.4
SWE_15190,3,1,0.3333333333333333
SWE_15191,2,2,1.0
SWE_15192,3,2,0.6666666666666666
SWE_15194,2,0,0.0
SWE_15196,3,1,0.3333333333333333
SWE_15200,6,3,0.5
SWE_15201,1,0,0.0
SWE_15202,5,0,0.0
SWE_15204,5,1,0.2
SWE_15205,6,1,0.16666666666666666
SWE_15206,3,1,0.3333333333333333
SWE_15207,7,3,0.42857142857142855
SWE_15208,6,2,0.3333333333333333
SWE_15209,1,0,0.0
SWE_15210,7,2,0.2857142857142857
SWE_15212,4,0,0.0
SWE_15213,3,1,0.3333333333333333
SWE_15214,3,1,0.3333333333333333
SWE_15217,2,0,0.0
SWE_15218,1,0,0.0
SWE_15219,2,1,0.5
SWE_15220,1,0,0.0
SWE_15221,6,2,0.3333333333333333
SWE_15223,2,1,0.5
SWE_15225,5,1,0.2
SWE_15226,3,1,0.3333333333333333
SWE_15228,10,2,0.2
SWE_15229,4,1,0.25
SWE_15230,2,1,0.5
SWE_15231,5,2,0.4
SWE_15232,1,0,0.0
SWE_15233,5,2,0.4
SWE_15234,1,0,0.0
SWE_15235,2,0,0.0
SWE_15236,1,1,1.0
SWE_15238,1,0,0.0
SWE_15239,4,2,0.5
SWE_15240,2,0,0.0
SWE_15241,2,0,0.0
SWE_15242,10,0,0.0
SWE_15243,2,0,0.0
SWE_15244,4,1,0.25
SWE_15246,4,2,0.5
SWE_15247,1,0,0.0
SWE_15248,5,1,0.2
SWE_15250,1,0,0.0
SWE_15251,2,1,0.5
SWE_15253,1,0,0.0
SWE_15255,1,0,0.0
SWE_15256,2,0,0.0
SWE_15257,2,1,0.5
SWE_15258,3,2,0.6666666666666666
SWE_15261,8,2,0.25
SWE_15262,1,0,0.0
SWE_15267,1,1,1.0
SWE_15273,4,2,0.5
SWE_15274,1,0,0.0
SWE_15276,1,0,0.0
SWE_15277,1,0,0.0
SWE_15281,4,1,0.25
SWE_15283,3,2,0.6666666666666666
SWE_15286,1,0,0.0
SWE_15288,2,0,0.0
SWE_15290,9,0,0.0
SWE_15291,1,1,1.0
SWE_15293,4,1,0.25
SWE_15295,10,1,0.1
SWE_15296,3,0,0.0
SWE_15297,3,0,0.0
SWE_15299,3,0,0.0
SWE_15300,3,1,0.3333333333333333
SWE_15302,4,2,0.5
SWE_15304,6,1,0.16666666666666666
SWE_15305,1,0,0.0
SWE_15308,7,2,0.2857142857142857
SWE_15309,1,0,0.0
SWE_15310,4,3,0.75
SWE_15311,1,0,0.0
SWE_15312,2,0,0.0
SWE_15313,2,1,0.5
SWE_15314,5,2,0.4
SWE_15315,1,0,0.0
SWE_15316,5,1,0.2
SWE_15318,1,0,0.0
SWE_15319,3,2,0.6666666666666666
SWE_15320,6,0,0.0
SWE_15321,5,0,0.0
SWE_15325,3,1,0.3333333333333333
SWE_15326,6,3,0.5
SWE_15327,7,2,0.2857142857142857
SWE_15330,3,1,0.3333333333333333
SWE_15332,6,0,0.0
SWE_15334,10,0,0.0
SWE_15335,5,2,0.4
SWE_15337,2,0,0.0
SWE_15338,2,1,0.5
SWE_15339,4,1,0.25
SWE_15341,4,1,0.25
SWE_15347,2,1,0.5
SWE_15350,5,0,0.0
SWE_15351,8,1,0.125
SWE_15352,8,1,0.125
SWE_15353,1,0,0.0
SWE_15354,3,2,0.6666666666666666
SWE_15355,7,1,0.14285714285714285
SWE_15357,6,1,0.16666666666666666
SWE_15358,1,0,0.0
SWE_15359,1,0,0.0
SWE_15362,1,0,0.0
SWE_15365,2,1,0.5
SWE_15366,1,0,0.0
SWE_15368,1,0,0.0
SWE_15371,2,2,1.0
SWE_15373,11,0,0.0
SWE_15375,2,0,0.0
SWE_15376,2,0,0.0
SWE_15377,6,2,0.3333333333333333
SWE_15379,1,0,0.0
SWE_15381,2,1,0.5
SWE_15384,7,4,0.5714285714285714
SWE_15385,2,1,0.5
SWE_15386,1,1,1.0
SWE_15392,6,3,0.5
SWE_15393,2,0,0.0
SWE_15395,5,3,0.6
SWE_15398,7,1,0.14285714285714285
SWE_15399,8,2,0.25
SWE_15403,1,1,1.0
SWE_15404,7,2,0.2857142857142857
SWE_15406,1,0,0.0
SWE_15408,3,1,0.3333333333333333
SWE_15410,1,0,0.0
SWE_15411,2,1,0.5
SWE_15413,6,0,0.0
SWE_15414,2,1,0.5
SWE_15415,7,0,0.0
SWE_15416,2,2,1.0
SWE_15417,4,1,0.25
SWE_15419,8,1,0.125
SWE_15420,3,2,0.6666666666666666
SWE_15421,5,1,0.2
SWE_15424,1,0,0.0
SWE_15425,4,2,0.5
SWE_15426,6,1,0.16666666666666666
SWE_15427,3,1,0.3333333333333333
SWE_15428,6,1,0.16666666666666666
SWE_15429,4,3,0.75
SWE_15432,2,1,0.5
SWE_15434,8,1,0.125
SWE_15436,8,1,0.125
SWE_15437,3,1,0.3333333333333333
SWE_15438,6,1,0.16666666666666666
SWE_15439,1,0,0.0
SWE_15440,3,1,0.3333333333333333
SWE_15441,1,0,0.0
SWE_15443,1,0,0.0
SWE_15444,7,2,0.2857142857142857
SWE_15445,9,1,0.1111111111111111
SWE_15447,8,0,0.0
SWE_15451,5,1,0.2
SWE_15452,5,0,0.0
SWE_15454,2,1,0.5
SWE_15456,4,2,0.5
SWE_15458,1,0,0.0
SWE_15463,2,1,0.5
SWE_15466,1,0,0.0
SWE_15468,11,1,0.09090909090909091
SWE_15469,7,3,0.42857142857142855
SWE_15470,1,0,0.0
SWE_15471,2,0,0.0
SWE_15473,2,1,0.5
SWE_15475,1,0,0.0
SWE_15480,3,1,0.3333333333333333
SWE_15482,2,1,0.5
SWE_15487,3,0,0.0
SWE_15489,7,2,0.2857142857142857
SWE_15491,10,2,0.2
SWE_15492,2,0,0.0
SWE_15493,3,2,0.6666666666666666
SWE_15494,5,3,0.6
SWE_15495,5,3,0.6
SWE_15496,3,0,0.0
SWE_15497,2,0,0.0
SWE_15498,2,1,0.5
SWE_15500,1,0,0.0
SWE_15508,6,0,0.0
SWE_15523,1,0,0.0
SWE_15529,10,0,0.0
SWE_15531,2,1,0.5
SWE_15543,5,2,0.4
SWE_15544,11,0,0.0
SWE_15552,9,1,0.1111111111111111
SWE_15576,3,0,0.0
SWE_15577,2,0,0.0
SWE_15579,2,1,0.5
SWE_15598,4,0,0.0
SWE_15603,7,2,0.2857142857142857
SWE_15608,1,0,0.0
SWE_15632,9,0,0.0
SWE_15635,1,0,0.0
SWE_15674,4,1,0.25
SWE_15675,3,2,0.6666666666666666
SWE_15736,4,0,0.0
SWE_15929,8,1,0.125
SWE_15937,2,0,0.0
SWE_15938,1,1,1.0
SWE_15950,10,1,0.1
SWE_15951,9,0,0.0
SWE_15952,8,0,0.0
SWE_15953,8,0,0.0
SWE_15979,2,0,0.0
SWE_15980,11,1,0.09090909090909091
SWE_15983,8,1,0.125
SWE_15984,13,7,0.5384615384615384
SWE_15986,1,0,0.0
SWE_16002,3,1,0.3333333333333333
SWE_16003,11,7,0.6363636363636364
SWE_16010,10,1,0.1
SWE_16017,2,1,0.5
SWE_16018,2,1,0.5
SWE_16019,3,1,0.3333333333333333
SWE_16026,9,0,0.0
SWE_16043,7,0,0.0
SWE_16073,9,0,0.0
SWE_16074,8,0,0.0
SWE_16106,1,1,1.0
SWE_16149,8,1,0.125
SWE_16168,13,1,0.07692307692307693
SWE_16188,11,1,0.09090909090909091
SWE_16228,7,0,0.0
SWE_16237,13,0,0.0
SWE_16242,6,2,0.3333333333333333
SWE_16243,11,1,0.09090909090909091
SWE_16260,1,1,1.0
SWE_16265,2,0,0.0
SWE_16272,2,1,0.5
SWE_16278,4,2,0.5
SWE_16305,5,2,0.4
SWE_16323,2,0,0.0
SWE_16344,6,2,0.3333333333333333
SWE_16367,13,0,0.0
SWE_16483,2,1,0.5
SWE_16499,7,1,0.14285714285714285
SWE_17460,2,1,0.5
SWE_17466,3,0,0.0
SWE_17468,1,1,1.0
SWE_17469,2,1,0.5
SWE_17473,2,1,0.5
SWE_17476,3,2,0.6666666666666666
SWE_17479,1,1,1.0
SWE_17484,5,2,0.4
SWE_17485,3,1,0.3333333333333333
SWE_17486,4,2,0.5
SWE_17487,2,1,0.5
SWE_17490,1,0,0.0
SWE_17491,3,1,0.3333333333333333
SWE_17492,6,2,0.3333333333333333
SWE_17495,5,2,0.4
SWE_17496,4,2,0.5
SWE_17498,2,1,0.5
SWE_17500,2,1,0.5
SWE_17501,1,0,0.0
SWE_17502,2,1,0.5
SWE_17508,2,0,0.0
SWE_17513,2,1,0.5
SWE_17514,1,0,0.0
SWE_17534,8,3,0.375
SWE_17542,2,0,0.0
SWE_17586,11,2,0.18181818181818182
SWE_17600,7,1,0.14285714285714285
SWE_17603,6,1,0.16666666666666666
SWE_17628,1,0,0.0
SWE_17636,3,0,0.0
SWE_17637,9,4,0.4444444444444444
SWE_17638,7,3,0.42857142857142855
SWE_17663,1,0,0.0
SWE_17666,3,2,0.6666666666666666
SWE_17667,1,0,0.0
SWE_17670,3,0,0.0
SWE_17671,2,1,0.5
SWE_17672,1,1,1.0
SWE_17693,4,2,0.5
SWE_17694,1,0,0.0
SWE_17703,3,1,0.3333333333333333
SWE_17706,10,1,0.1
SWE_17707,13,0,0.0
SWE_17708,10,0,0.0
SWE_17714,8,2,0.25
SWE_17727,8,0,0.0
SWE_17771,11,0,0.0
SWE_17772,9,2,0.2222222222222222
SWE_17774,6,2,0.3333333333333333
SWE_17788,1,0,0.0
SWE_17793,8,0,0.0
SWE_17824,5,0,0.0
SWE_17866,1,0,0.0
SWE_17878,2,1,0.5
SWE_17893,9,3,0.3333333333333333
SWE_17904,11,1,0.09090909090909091
SWE_17905,8,1,0.125
SWE_17906,7,1,0.14285714285714285
SWE_17910,7,2,0.2857142857142857
SWE_17914,11,1,0.09090909090909091
SWE_17919,2,1,0.5
SWE_17927,5,1,0.2
SWE_17956,6,0,0.0
SWE_17965,3,1,0.3333333333333333
SWE_17971,2,1,0.5
SWE_17992,1,0,0.0
SWE_17998,1,0,0.0
SWE_18000,3,1,0.3333333333333333
SWE_18001,1,0,0.0
SWE_18004,2,1,0.5
SWE_18006,1,0,0.0
SWE_18007,2,1,0.5
SWE_18008,3,2,0.6666666666666666
SWE_18009,1,0,0.0
SWE_18010,1,0,0.0
SWE_18011,2,1,0.5
SWE_18012,3,2,0.6666666666666666
SWE_18016,3,1,0.3333333333333333
SWE_18018,1,0,0.0
SWE_18020,2,1,0.5
SWE_18021,1,0,0.0
SWE_18023,3,0,0.0
SWE_18024,3,0,0.0
SWE_18025,2,1,0.5
SWE_18027,3,1,0.3333333333333333
SWE_18088,9,2,0.2222222222222222
SWE_18107,4,0,0.0
SWE_18108,5,2,0.4
SWE_18120,2,1,0.5
SWE_18121,4,2,0.5
SWE_18122,2,1,0.5
SWE_18124,4,2,0.5
SWE_18127,4,2,0.5
SWE_18128,1,1,1.0
SWE_18129,3,1,0.3333333333333333
SWE_18150,1,1,1.0
SWE_18155,3,0,0.0
SWE_18159,3,1,0.3333333333333333
SWE_18160,4,1,0.25
SWE_18162,3,1,0.3333333333333333
SWE_18164,1,0,0.0
SWE_18172,9,2,0.2222222222222222
SWE_18184,2,1,0.5
SWE_18187,6,1,0.16666666666666666
SWE_18201,1,0,0.0
SWE_18205,2,1,0.5
SWE_18206,5,0,0.0
SWE_18207,3,0,0.0
SWE_18209,1,0,0.0
SWE_18211,2,0,0.0
SWE_18212,1,0,0.0
SWE_18214,1,1,1.0
SWE_18215,8,1,0.125
SWE_18217,9,1,0.1111111111111111
SWE_18218,4,0,0.0
SWE_18219,2,1,0.5
SWE_18220,3,1,0.3333333333333333
SWE_18222,1,1,1.0
SWE_18223,6,3,0.5
SWE_18225,8,2,0.25
SWE_18226,1,0,0.0
SWE_18227,5,1,0.2
SWE_18233,1,1,1.0
SWE_18246,3,0,0.0
SWE_18250,5,3,0.6
SWE_18255,1,0,0.0
SWE_18263,1,0,0.0
SWE_18267,1,0,0.0
SWE_18275,2,1,0.5
SWE_18290,1,1,1.0
SWE_18298,6,2,0.3333333333333333
SWE_18310,8,2,0.25
SWE_18312,8,1,0.125
SWE_18387,6,4,0.6666666666666666
SWE_18389,9,2,0.2222222222222222
SWE_18390,11,0,0.0
SWE_18405,8,4,0.5
SWE_18406,6,2,0.3333333333333333
SWE_18410,1,0,0.0
SWE_18411,6,1,0.16666666666666666
SWE_18412,5,1,0.2
SWE_18413,2,1,0.5
SWE_18414,1,0,0.0
SWE_18415,2,1,0.5
SWE_18416,4,0,0.0
SWE_18451,3,0,0.0
SWE_18455,1,0,0.0
SWE_18458,8,2,0.25
SWE_18481,1,0,0.0
SWE_18492,2,1,0.5
SWE_18525,2,0,0.0
SWE_18527,5,0,0.0
SWE_18539,4,1,0.25
SWE_18553,2,1,0.5
SWE_18563,12,1,0.08333333333333333
SWE_18575,5,1,0.2
SWE_18583,3,1,0.3333333333333333
SWE_18596,2,1,0.5
SWE_18601,9,1,0.1111111111111111
SWE_18614,4,1,0.25
SWE_18636,1,0,0.0
SWE_18651,13,4,0.3076923076923077
SWE_18652,2,1,0.5
SWE_18655,3,1,0.3333333333333333
SWE_18656,4,3,0.75
SWE_18658,6,1,0.16666666666666666
SWE_18659,3,1,0.3333333333333333
SWE_18660,1,0,0.0
SWE_18662,10,4,0.4
SWE_18663,4,2,0.5
SWE_18665,7,1,0.14285714285714285
SWE_18666,10,4,0.4
SWE_18667,8,4,0.5
SWE_18669,4,2,0.5
SWE_18670,6,1,0.16666666666666666
SWE_18671,7,3,0.42857142857142855
SWE_18672,8,2,0.25
SWE_18673,6,2,0.3333333333333333
SWE_18675,4,2,0.5
SWE_18677,9,5,0.5555555555555556
SWE_18678,3,1,0.3333333333333333
SWE_18679,8,3,0.375
SWE_18680,4,2,0.5
SWE_18681,5,1,0.2
SWE_18683,6,4,0.6666666666666666
SWE_18685,6,4,0.6666666666666666
SWE_18687,9,0,0.0
SWE_18688,9,5,0.5555555555555556
SWE_18690,10,5,0.5
SWE_18691,9,5,0.5555555555555556
SWE_18692,7,2,0.2857142857142857
SWE_18693,2,2,1.0
SWE_18694,4,3,0.75
SWE_18695,6,3,0.5
SWE_18696,4,2,0.5
SWE_18698,1,1,1.0
SWE_18699,9,4,0.4444444444444444
SWE_18700,10,1,0.1
SWE_18701,6,3,0.5
SWE_18704,7,2,0.2857142857142857
SWE_18705,5,4,0.8
SWE_18706,8,4,0.5
SWE_18707,10,1,0.1
SWE_18708,7,4,0.5714285714285714
SWE_18709,8,5,0.625
SWE_18710,6,1,0.16666666666666666
SWE_18711,2,2,1.0
SWE_18714,1,1,1.0
SWE_18715,7,4,0.5714285714285714
SWE_18716,5,3,0.6
SWE_18720,11,6,0.5454545454545454
SWE_18721,2,1,0.5
SWE_18722,3,0,0.0
SWE_18724,5,1,0.2
SWE_18725,7,3,0.42857142857142855
SWE_18726,7,0,0.0
SWE_18727,4,1,0.25
SWE_18728,6,4,0.6666666666666666
SWE_18730,1,0,0.0
SWE_18731,6,2,0.3333333333333333
SWE_18732,13,0,0.0
SWE_18733,6,4,0.6666666666666666
SWE_18735,8,3,0.375
SWE_18736,3,1,0.3333333333333333
SWE_18742,1,0,0.0
SWE_18747,4,1,0.25
SWE_18755,1,0,0.0
SWE_18770,2,1,0.5
SWE_18790,1,0,0.0
SWE_18801,9,0,0.0
SWE_18855,1,0,0.0
SWE_18856,1,1,1.0
SWE_19090,1,0,0.0
SWE_19262,3,1,0.3333333333333333
SWE_19476,1,1,1.0
SWE_19623,1,0,0.0
SWE_19624,1,0,0.0
SWE_19713,1,1,1.0
SWE_19904,1,1,1.0
SWE_19939,1,1,1.0
SWE_19958,3,1,0.3333333333333333
SWE_19979,1,1,1.0
SWE_20020,3,0,0.0
SWE_20051,2,2,1.0
SWE_20061,13,0,0.0
SWE_20072,5,0,0.0
SWE_20085,6,0,0.0
SWE_20087,3,1,0.3333333333333333
SWE_20129,1,0,0.0
SWE_20151,5,2,0.4
SWE_20152,6,1,0.16666666666666666
SWE_20153,6,1,0.16666666666666666
SWE_20154,6,2,0.3333333333333333
SWE_20160,1,0,0.0
SWE_20163,7,2,0.2857142857142857
SWE_20234,5,3,0.6
SWE_20236,7,2,0.2857142857142857
SWE_20237,1,0,0.0
SWE_20241,8,0,0.0
SWE_20244,6,1,0.16666666666666666
SWE_20261,4,2,0.5
SWE_20263,4,2,0.5
SWE_20269,8,0,0.0
SWE_20308,7,3,0.42857142857142855
SWE_20387,2,1,0.5
SWE_20391,1,1,1.0
SWE_20403,1,0,0.0
SWE_20414,9,0,0.0
SWE_20454,1,1,1.0
SWE_20480,10,1,0.1
SWE_20572,2,0,0.0
SWE_20582,5,2,0.4
SWE_20585,7,0,0.0
SWE_20630,6,1,0.16666666666666666
SWE_20738,1,0,0.0
SWE_20766,1,0,0.0
SWE_20857,2,1,0.5
SWE_20877,10,5,0.5
SWE_20881,8,1,0.125
SWE_20882,11,1,0.09090909090909091
SWE_20883,9,0,0.0
SWE_20885,4,2,0.5
SWE_20941,13,0,0.0
SWE_20997,8,0,0.0
SWE_20999,9,0,0.0
SWE_21052,1,0,0.0
SWE_21056,9,0,0.0
SWE_21058,2,0,0.0
SWE_21062,3,2,0.6666666666666666
SWE_21070,3,1,0.3333333333333333
SWE_21090,12,3,0.25
SWE_21091,10,2,0.2
SWE_21099,10,2,0.2
SWE_21121,1,1,1.0
SWE_21122,1,1,1.0
SWE_21138,1,1,1.0
SWE_21139,6,2,0.3333333333333333
SWE_21140,4,2,0.5
SWE_21141,7,3,0.42857142857142855
SWE_21142,11,4,0.36363636363636365
SWE_21171,4,2,0.5
SWE_21183,1,0,0.0
SWE_21186,3,1,0.3333333333333333
SWE_21189,2,1,0.5
SWE_21190,4,0,0.0
SWE_21194,4,1,0.25
SWE_21195,2,1,0.5
SWE_21196,1,0,0.0
SWE_21198,3,1,0.3333333333333333
SWE_21215,5,0,0.0
SWE_21218,8,6,0.75
SWE_21254,2,1,0.5
SWE_21275,4,0,0.0
SWE_21287,1,0,0.0
SWE_21304,11,0,0.0
SWE_21320,7,1,0.14285714285714285
SWE_21323,11,1,0.09090909090909091
SWE_21347,6,1,0.16666666666666666
SWE_21349,8,2,0.25
SWE_21353,1,0,0.0
SWE_21370,4,1,0.25
SWE_21413,6,2,0.3333333333333333
SWE_21443,1,0,0.0
SWE_21458,8,2,0.25
SWE_21459,11,7,0.6363636363636364
SWE_21465,1,0,0.0
SWE_21469,3,2,0.6666666666666666
SWE_21470,8,2,0.25
SWE_21471,8,1,0.125
SWE_21472,7,3,0.42857142857142855
SWE_21473,5,3,0.6
SWE_21474,9,3,0.3333333333333333
SWE_21535,11,1,0.09090909090909091
SWE_21536,3,0,0.0
SWE_21538,6,1,0.16666666666666666
SWE_21539,8,0,0.0
SWE_21540,12,2,0.16666666666666666
SWE_21541,8,0,0.0
SWE_21542,9,0,0.0
SWE_21543,8,0,0.0
SWE_21544,4,1,0.25
SWE_21546,10,0,0.0
SWE_21548,6,0,0.0
SWE_21549,1,0,0.0
SWE_21550,4,1,0.25
SWE_21551,9,0,0.0
SWE_21552,3,1,0.3333333333333333
SWE_21553,9,0,0.0
SWE_21554,2,0,0.0
SWE_21604,1,1,1.0
SWE_21605,1,0,0.0
SWE_21608,1,0,0.0
SWE_21619,4,3,0.75
SWE_21624,8,5,0.625
SWE_21638,2,2,1.0
SWE_21639,1,0,0.0
SWE_21642,3,0,0.0
SWE_21677,1,1,1.0
SWE_21680,2,2,1.0
SWE_21738,3,1,0.3333333333333333
SWE_21781,2,1,0.5
SWE_21803,3,1,0.3333333333333333
SWE_21915,5,1,0.2
SWE_21932,6,3,0.5
SWE_21943,1,1,1.0
SWE_21949,3,2,0.6666666666666666
SWE_21958,1,0,0.0
SWE_21973,2,1,0.5
SWE_22052,1,1,1.0
SWE_22073,3,1,0.3333333333333333
SWE_22141,2,2,1.0
SWE_22708,3,0,0.0
SWE_22728,4,3,0.75
SWE_22731,2,0,0.0
SWE_22736,2,1,0.5
SWE_22804,8,1,0.125
SWE_22882,1,0,0.0
SWE_22892,1,1,1.0
SWE_22893,1,0,0.0
SWE_22898,2,0,0.0
SWE_22900,6,0,0.0
SWE_22901,5,0,0.0
SWE_22902,12,2,0.16666666666666666
SWE_22903,6,2,0.3333333333333333
SWE_22904,4,0,0.0
SWE_22905,2,0,0.0
SWE_22906,3,1,0.3333333333333333
SWE_22909,2,1,0.5
SWE_22911,1,1,1.0
SWE_22912,1,0,0.0
SWE_22913,2,1,0.5
SWE_22918,2,1,0.5
SWE_22999,4,1,0.25
SWE_23010,7,0,0.0
SWE_23019,4,1,0.25
SWE_23037,1,0,0.0
SWE_23045,8,1,0.125
SWE_23051,3,1,0.3333333333333333
SWE_23099,5,2,0.4
SWE_23105,5,1,0.2
SWE_23106,3,1,0.3333333333333333
SWE_23107,4,1,0.25
SWE_23108,2,0,0.0
SWE_23109,6,1,0.16666666666666666
SWE_23110,7,2,0.2857142857142857
SWE_23111,5,2,0.4
SWE_23112,2,1,0.5
SWE_23113,8,0,0.0
SWE_23114,4,0,0.0
SWE_23115,3,1,0.3333333333333333
SWE_23116,4,1,0.25
SWE_23117,4,2,0.5
SWE_23118,7,1,0.14285714285714285
SWE_23119,7,0,0.0
SWE_23120,3,0,0.0
SWE_23121,5,1,0.2
SWE_23122,7,1,0.14285714285714285
SWE_23123,4,2,0.5
SWE_23124,8,3,0.375
SWE_23125,4,2,0.5
SWE_23126,1,0,0.0
SWE_23128,4,2,0.5
SWE_23130,6,1,0.16666666666666666
SWE_23131,5,1,0.2
SWE_23132,3,0,0.0
SWE_23133,7,2,0.2857142857142857
SWE_23134,7,1,0.14285714285714285
SWE_23137,1,0,0.0
SWE_23139,1,0,0.0
SWE_23141,2,0,0.0
SWE_23143,2,1,0.5
SWE_23144,6,0,0.0
SWE_23145,2,0,0.0
SWE_23146,1,0,0.0
SWE_23148,1,0,0.0
SWE_23150,1,0,0.0
SWE_23151,6,0,0.0
SWE_23152,6,0,0.0
SWE_23153,5,0,0.0
SWE_23154,6,1,0.16666666666666666
SWE_23156,2,0,0.0
SWE_23157,9,4,0.4444444444444444
SWE_23158,1,0,0.0
SWE_23159,5,1,0.2
SWE_23160,5,1,0.2
SWE_23161,3,0,0.0
SWE_23373,1,1,1.0
SWE_23374,1,0,0.0
SWE_23378,2,1,0.5
SWE_23382,3,1,0.3333333333333333
SWE_23386,4,2,0.5
SWE_23397,4,0,0.0
SWE_23405,7,0,0.0
SWE_23414,5,2,0.4
SWE_23431,9,4,0.4444444444444444
SWE_23513,1,0,0.0
SWE_23570,3,1,0.3333333333333333
SWE_23583,10,1,0.1
SWE_23585,12,2,0.16666666666666666
SWE_23586,9,1,0.1111111111111111
SWE_23588,8,1,0.125
SWE_23589,11,2,0.18181818181818182
SWE_23591,1,0,0.0
SWE_23592,10,1,0.1
SWE_23593,5,0,0.0
SWE_23594,8,0,0.0
SWE_23595,11,1,0.09090909090909091
SWE_23596,9,3,0.3333333333333333
SWE_23597,7,1,0.14285714285714285
SWE_23598,12,0,0.0
SWE_23599,9,2,0.2222222222222222
SWE_23600,11,2,0.18181818181818182
SWE_23601,12,1,0.08333333333333333
SWE_23603,8,0,0.0
SWE_23604,8,0,0.0
SWE_23606,7,0,0.0
SWE_23608,8,0,0.0
SWE_23609,7,0,0.0
SWE_23610,6,0,0.0
SWE_23611,12,2,0.16666666666666666
SWE_23613,9,1,0.1111111111111111
SWE_23615,12,0,0.0
SWE_23742,2,1,0.5
SWE_24615,1,0,0.0
SWE_24618,2,1,0.5
SWE_24619,3,2,0.6666666666666666
SWE_24620,3,0,0.0
SWE_24622,1,1,1.0
SWE_24628,1,1,1.0
SWE_24629,2,1,0.5
SWE_24634,2,0,0.0
SWE_24636,1,1,1.0
SWE_24637,3,1,0.3333333333333333
SWE_24639,4,1,0.25
SWE_24642,2,0,0.0
SWE_24643,3,1,0.3333333333333333
SWE_24644,3,0,0.0
SWE_24645,1,0,0.0
SWE_24649,2,1,0.5
SWE_24651,3,1,0.3333333333333333
SWE_24653,2,0,0.0
SWE_24654,1,0,0.0
SWE_24655,3,0,0.0
SWE_24656,3,1,0.3333333333333333
SWE_24657,3,2,0.6666666666666666
SWE_24659,1,1,1.0
SWE_24662,2,1,0.5
SWE_24663,1,0,0.0
SWE_24671,1,0,0.0
SWE_24673,1,0,0.0
SWE_24674,1,0,0.0
SWE_24675,1,0,0.0
SWE_24676,1,1,1.0
SWE_24677,1,1,1.0
SWE_24678,4,1,0.25
SWE_24680,1,1,1.0
SWE_24684,1,0,0.0
SWE_24685,1,0,0.0
SWE_24691,1,0,0.0
SWE_24692,2,1,0.5
SWE_24693,3,1,0.3333333333333333
SWE_24694,3,0,0.0
SWE_24696,3,1,0.3333333333333333
SWE_24697,2,0,0.0
SWE_24698,2,0,0.0
SWE_24699,2,0,0.0
SWE_24701,1,0,0.0
SWE_24702,2,1,0.5
SWE_24703,1,0,0.0
SWE_24705,3,1,0.3333333333333333
SWE_24706,1,0,0.0
SWE_24708,3,1,0.3333333333333333
SWE_24710,1,0,0.0
SWE_24711,3,0,0.0
SWE_24713,1,0,0.0
SWE_24715,2,1,0.5
SWE_24716,4,2,0.5
SWE_24717,3,0,0.0
SWE_24720,1,0,0.0
SWE_24722,2,1,0.5
SWE_24723,3,0,0.0
SWE_24724,3,1,0.3333333333333333
SWE_24725,1,0,0.0
SWE_24726,2,1,0.5
SWE_24728,1,0,0.0
SWE_24731,3,1,0.3333333333333333
SWE_24732,2,1,0.5
SWE_24733,1,0,0.0
SWE_24734,3,0,0.0
SWE_24736,4,0,0.0
SWE_24737,8,0,0.0
SWE_24740,9,1,0.1111111111111111
SWE_24809,2,0,0.0
SWE_24812,9,0,0.0
SWE_24821,1,0,0.0
SWE_24857,1,0,0.0
SWE_24893,10,1,0.1
SWE_24925,3,1,0.3333333333333333
SWE_24946,1,0,0.0
SWE_24949,3,1,0.3333333333333333
SWE_24953,3,1,0.3333333333333333
SWE_24965,2,1,0.5
SWE_24972,5,2,0.4
SWE_24977,3,1,0.3333333333333333
SWE_25078,8,2,0.25
SWE_25080,2,1,0.5
SWE_25082,2,1,0.5
SWE_25083,2,0,0.0
SWE_25090,6,1,0.16666666666666666
SWE_25623,3,1,0.3333333333333333
SWE_25649,2,1,0.5
SWE_25683,3,0,0.0
SWE_25690,10,0,0.0
SWE_25729,1,0,0.0
SWE_25809,1,0,0.0
SWE_25812,2,1,0.5
SWE_25869,2,0,0.0
SWE_25895,2,1,0.5
SWE_25927,4,2,0.5
SWE_25955,7,0,0.0
SWE_25956,10,2,0.2
SWE_25968,2,0,0.0
SWE_25972,7,1,0.14285714285714285
SWE_26890,6,3,0.5
SWE_26907,7,3,0.42857142857142855
SWE_26908,2,1,0.5
SWE_26953,7,1,0.14285714285714285
SWE_26959,1,1,1.0
SWE_26960,3,0,0.0
SWE_27018,6,2,0.3333333333333333
SWE_27187,7,0,0.0
SWE_27196,4,1,0.25
SWE_27202,1,0,0.0
SWE_27203,1,0,0.0
SWE_27215,11,0,0.0
SWE_27216,2,2,1.0
SWE_27217,1,1,1.0
SWE_27218,3,3,1.0
SWE_27221,2,2,1.0
SWE_27224,1,1,1.0
SWE_27226,2,2,1.0
SWE_27234,2,2,1.0
SWE_27235,1,1,1.0
SWE_27237,1,1,1.0
SWE_27238,1,1,1.0
SWE_27241,2,2,1.0
SWE_27244,3,2,0.6666666666666666
SWE_27245,1,1,1.0
SWE_27247,10,10,1.0
SWE_27248,7,7,1.0
SWE_27249,6,6,1.0
SWE_27250,6,5,0.8333333333333334
SWE_27251,1,1,1.0
SWE_27252,1,1,1.0
SWE_27256,7,1,0.14285714285714285
SWE_27257,11,0,0.0
SWE_27258,8,3,0.375
SWE_27259,8,2,0.25
SWE_27260,1,0,0.0
SWE_27261,8,0,0.0
SWE_27522,3,0,0.0
SWE_27531,6,1,0.16666666666666666
SWE_27603,3,2,0.6666666666666666
SWE_27650,4,2,0.5
SWE_27708,2,1,0.5
SWE_27725,6,1,0.16666666666666666
SWE_27726,5,3,0.6
SWE_27728,4,1,0.25
SWE_27729,2,1,0.5
SWE_27731,1,0,0.0
SWE_27733,5,1,0.2
SWE_27735,5,2,0.4
SWE_27747,2,0,0.0
SWE_27749,10,1,0.1
SWE_27853,4,2,0.5
SWE_27855,1,1,1.0
SWE_27856,2,1,0.5
SWE_27863,10,1,0.1
SWE_27864,2,1,0.5
SWE_27866,1,1,1.0
SWE_27870,1,0,0.0
SWE_27871,1,0,0.0
SWE_27872,8,1,0.125
SWE_27873,7,2,0.2857142857142857
SWE_27874,6,2,0.3333333333333333
SWE_27875,5,2,0.4
SWE_27876,1,0,0.0
SWE_27877,2,1,0.5
SWE_27878,1,1,1.0
SWE_27881,1,0,0.0
SWE_27883,2,1,0.5
SWE_27886,2,0,0.0
SWE_27887,1,0,0.0
SWE_27888,2,1,0.5
SWE_27893,3,1,0.3333333333333333
SWE_27896,3,0,0.0
SWE_27898,1,1,1.0
SWE_27900,2,1,0.5
SWE_27901,1,0,0.0
SWE_27903,3,0,0.0
SWE_27920,6,1,0.16666666666666666
SWE_27926,4,2,0.5
SWE_27927,12,1,0.08333333333333333
SWE_27928,9,3,0.3333333333333333
SWE_27932,7,0,0.0
SWE_27945,1,1,1.0
SWE_27952,11,6,0.5454545454545454
SWE_27954,4,1,0.25
SWE_27955,5,2,0.4
SWE_27956,9,4,0.4444444444444444
SWE_27957,1,0,0.0
SWE_27960,2,1,0.5
SWE_27965,11,0,0.0
SWE_27971,8,1,0.125
SWE_27972,2,1,0.5
SWE_27973,3,1,0.3333333333333333
SWE_27977,2,1,0.5
SWE_27982,1,0,0.0
SWE_27983,8,1,0.125
SWE_27984,2,0,0.0
SWE_27986,1,0,0.0
SWE_27987,5,1,0.2
SWE_27988,5,1,0.2
SWE_27989,1,0,0.0
SWE_27990,2,1,0.5
SWE_27991,4,1,0.25
SWE_27993,6,3,0.5
SWE_27995,1,0,0.0
SWE_28000,1,0,0.0
SWE_28004,2,1,0.5
SWE_28005,1,0,0.0
SWE_28007,2,0,0.0
SWE_28008,3,0,0.0
SWE_28009,2,1,0.5
SWE_28013,1,1,1.0
SWE_28015,1,1,1.0
SWE_28018,7,0,0.0
SWE_28021,1,1,1.0
SWE_28025,3,1,0.3333333333333333
SWE_28026,3,1,0.3333333333333333
SWE_28028,1,0,0.0
SWE_28029,3,1,0.3333333333333333
SWE_28030,5,1,0.2
SWE_28031,3,0,0.0
SWE_28033,1,1,1.0
SWE_28034,9,2,0.2222222222222222
SWE_28080,6,1,0.16666666666666666
SWE_28081,1,0,0.0
SWE_28086,5,2,0.4
SWE_28098,8,4,0.5
SWE_28100,2,1,0.5
SWE_28101,6,2,0.3333333333333333
SWE_28102,2,0,0.0
SWE_28119,1,0,0.0
SWE_28224,1,1,1.0
SWE_28225,1,0,0.0
SWE_28232,3,0,0.0
SWE_28233,7,0,0.0
SWE_28240,5,1,0.2
SWE_28254,6,2,0.3333333333333333
SWE_28255,4,2,0.5
SWE_28256,6,1,0.16666666666666666
SWE_28261,3,1,0.3333333333333333
SWE_28262,12,1,0.08333333333333333
SWE_28275,1,1,1.0
SWE_28289,1,0,0.0
SWE_28291,2,1,0.5
SWE_28292,4,0,0.0
SWE_28298,3,0,0.0
